Date,Action,Price,Signal,Ticker
2025-08-05,BUY,2327.16,Buy,ADANIENT.NS
2025-09-19,SELL,2522.87,Sell,ADANIENT.NS
2025-09-26,BUY,2542.56,Buy,ADANIENT.NS
2025-11-12,SELL,2407.61,Sell,ADANIENT.NS
2026-02-03,BUY,2201.62,Buy,ADANIENT.NS
2026-03-05,SELL,2088.27,Sell,ADANIENT.NS
2026-04-10,BUY,2085.87,Buy,ADANIENT.NS
2026-06-22,SELL,3059.6,Sell,ADANIENT.NS
2026-07-03,BUY,3212.1,Buy,ADANIENT.NS
2025-08-08,BUY,1319.44,Buy,ADANIPORTS.NS
2025-12-31,SELL,1463.63,Sell,ADANIPORTS.NS
2026-02-06,BUY,1544.19,Buy,ADANIPORTS.NS
2026-03-06,SELL,1471.3,Sell,ADANIPORTS.NS
2026-04-13,BUY,1459.15,Buy,ADANIPORTS.NS
2025-10-09,BUY,7684.8,Buy,APOLLOHOSP.NS
2025-10-31,SELL,7670.82,Sell,APOLLOHOSP.NS
2026-01-08,BUY,7354.74,Buy,APOLLOHOSP.NS
2026-01-23,SELL,6793.98,Sell,APOLLOHOSP.NS
2026-02-04,BUY,7106.57,Buy,APOLLOHOSP.NS
2026-03-20,SELL,7364.5,Sell,APOLLOHOSP.NS
2026-04-10,BUY,7511.5,Buy,APOLLOHOSP.NS
2025-10-21,BUY,2479.19,Buy,ASIANPAINT.NS
2025-11-28,SELL,2849.68,Sell,ASIANPAINT.NS
2026-01-07,BUY,2785.24,Buy,ASIANPAINT.NS
2026-01-16,SELL,2733.19,Sell,ASIANPAINT.NS
2026-03-02,BUY,2287.26,Strong Buy,ASIANPAINT.NS
2026-03-10,SELL,2260.79,Sell,ASIANPAINT.NS
2026-04-23,BUY,2499.71,Buy,ASIANPAINT.NS
2025-08-05,BUY,1069.97,Buy,AXISBANK.NS
2025-09-17,SELL,1125.13,Sell,AXISBANK.NS
2025-09-26,BUY,1153.11,Buy,AXISBANK.NS
2025-12-18,SELL,1228.85,Sell,AXISBANK.NS
2026-01-01,BUY,1273.42,Buy,AXISBANK.NS
2026-01-23,SELL,1257.03,Sell,AXISBANK.NS
2026-01-27,BUY,1314.79,Buy,AXISBANK.NS
2026-03-10,SELL,1313.69,Sell,AXISBANK.NS
2026-04-09,BUY,1317.48,Buy,AXISBANK.NS
2026-04-28,SELL,1288.01,Sell,AXISBANK.NS
2026-05-25,BUY,1310.19,Buy,AXISBANK.NS
2025-10-13,BUY,8940.18,Buy,BAJAJ-AUTO.NS
2025-10-30,SELL,8799.17,Sell,BAJAJ-AUTO.NS
2025-11-20,BUY,8854.88,Buy,BAJAJ-AUTO.NS
2025-12-15,SELL,8815.93,Sell,BAJAJ-AUTO.NS
2025-12-23,BUY,8972.72,Buy,BAJAJ-AUTO.NS
2026-03-10,SELL,9476.63,Sell,BAJAJ-AUTO.NS
2026-04-09,BUY,9384.92,Buy,BAJAJ-AUTO.NS
2025-08-05,BUY,1937.75,Buy,BAJAJFINSV.NS
2025-09-12,SELL,2079.73,Sell,BAJAJFINSV.NS
2025-10-15,BUY,2082.32,Buy,BAJAJFINSV.NS
2025-11-12,SELL,2033.76,Sell,BAJAJFINSV.NS
2025-11-27,BUY,2101.41,Buy,BAJAJFINSV.NS
2025-12-03,SELL,2044.26,Sell,BAJAJFINSV.NS
2025-12-05,BUY,2094.71,Buy,BAJAJFINSV.NS
2025-12-11,SELL,2064.04,Sell,BAJAJFINSV.NS
2025-12-12,BUY,2081.32,Buy,BAJAJFINSV.NS
2025-12-16,SELL,2033.46,Sell,BAJAJFINSV.NS
2026-02-06,BUY,2022.47,Buy,BAJAJFINSV.NS
2026-02-27,SELL,1991.7,Sell,BAJAJFINSV.NS
2026-05-06,BUY,1834.53,Buy,BAJAJFINSV.NS
2026-05-13,SELL,1727.43,Strong Sell,BAJAJFINSV.NS
2025-08-12,BUY,847.79,Buy,BAJFINANCE.NS
2025-09-10,SELL,962.04,Sell,BAJFINANCE.NS
2025-09-26,BUY,979.08,Buy,BAJFINANCE.NS
2025-11-12,SELL,1007.01,Sell,BAJFINANCE.NS
2025-12-05,BUY,1041.6,Buy,BAJFINANCE.NS
2025-12-11,SELL,1000.25,Sell,BAJFINANCE.NS
2026-02-06,BUY,975.7,Buy,BAJFINANCE.NS
2026-03-05,SELL,956.52,Sell,BAJFINANCE.NS
2026-04-21,BUY,933.11,Buy,BAJFINANCE.NS
2026-05-12,SELL,898.68,Strong Sell,BAJFINANCE.NS
2026-06-22,BUY,962.38,Strong Buy,BAJFINANCE.NS
2025-09-26,BUY,1916.6,Buy,BHARTIARTL.NS
2025-09-29,SELL,1902.2,Sell,BHARTIARTL.NS
2025-10-08,BUY,1943.5,Buy,BHARTIARTL.NS
2025-12-29,SELL,2081.6,Sell,BHARTIARTL.NS
2026-04-29,BUY,1888.1,Buy,BHARTIARTL.NS
2026-05-06,SELL,1833.7,Sell,BHARTIARTL.NS
2025-08-05,BUY,300.21,Buy,BPCL.NS
2026-01-08,SELL,344.82,Sell,BPCL.NS
2026-01-29,BUY,356.88,Buy,BPCL.NS
2026-03-05,SELL,360.35,Sell,BPCL.NS
2026-04-07,BUY,277.45,Buy,BPCL.NS
2026-05-11,SELL,294.45,Strong Sell,BPCL.NS
2025-10-17,BUY,6083.0,Buy,BRITANNIA.NS
2025-10-28,SELL,5861.0,Sell,BRITANNIA.NS
2025-11-07,BUY,6157.5,Buy,BRITANNIA.NS
2025-11-13,SELL,5851.5,Sell,BRITANNIA.NS
2025-12-05,BUY,5961.0,Buy,BRITANNIA.NS
2026-01-12,SELL,5943.5,Sell,BRITANNIA.NS
2026-02-13,BUY,5980.5,Buy,BRITANNIA.NS
2026-03-02,SELL,5959.0,Sell,BRITANNIA.NS
2026-05-04,BUY,5792.5,Buy,BRITANNIA.NS
2026-05-11,SELL,5410.5,Sell,BRITANNIA.NS
2025-10-10,BUY,1547.28,Buy,CIPLA.NS
2025-10-30,SELL,1525.79,Sell,CIPLA.NS
2026-01-05,BUY,1505.67,Buy,CIPLA.NS
2026-01-09,SELL,1452.08,Sell,CIPLA.NS
2026-04-28,BUY,1294.36,Buy,CIPLA.NS
2026-05-14,SELL,1423.35,Sell,CIPLA.NS
2026-06-23,BUY,1433.1,Buy,CIPLA.NS
2025-10-20,BUY,375.33,Buy,COALINDIA.NS
2025-11-06,SELL,368.28,Sell,COALINDIA.NS
2025-11-11,BUY,377.81,Buy,COALINDIA.NS
2025-11-20,SELL,374.7,Sell,COALINDIA.NS
2025-12-09,BUY,374.4,Buy,COALINDIA.NS
2026-02-13,SELL,403.61,Sell,COALINDIA.NS
2026-02-24,BUY,430.95,Buy,COALINDIA.NS
2026-04-13,SELL,435.1,Sell,COALINDIA.NS
2026-04-24,BUY,456.0,Buy,COALINDIA.NS
2025-08-06,BUY,6133.5,Buy,DIVISLAB.NS
2025-10-01,SELL,5710.0,Sell,DIVISLAB.NS
2025-10-08,BUY,6120.5,Buy,DIVISLAB.NS
2025-12-10,SELL,6294.5,Sell,DIVISLAB.NS
2025-12-22,BUY,6511.5,Buy,DIVISLAB.NS
2026-01-01,SELL,6344.0,Sell,DIVISLAB.NS
2026-01-08,BUY,6600.5,Buy,DIVISLAB.NS
2026-01-14,SELL,6355.5,Sell,DIVISLAB.NS
2026-02-19,BUY,6297.5,Buy,DIVISLAB.NS
2026-03-17,SELL,6086.5,Sell,DIVISLAB.NS
2026-04-15,BUY,6177.5,Buy,DIVISLAB.NS
2025-08-06,BUY,1189.16,Buy,DRREDDY.NS
2025-09-26,SELL,1245.2,Sell,DRREDDY.NS
2025-10-20,BUY,1273.92,Buy,DRREDDY.NS
2025-11-03,SELL,1188.46,Sell,DRREDDY.NS
2025-11-28,BUY,1250.87,Buy,DRREDDY.NS
2026-01-01,SELL,1245.5,Sell,DRREDDY.NS
2026-02-05,BUY,1237.06,Buy,DRREDDY.NS
2026-03-30,SELL,1246.99,Sell,DRREDDY.NS
2026-04-29,BUY,1321.42,Buy,DRREDDY.NS
2026-06-03,SELL,1255.34,Strong Sell,DRREDDY.NS
2026-06-22,BUY,1282.57,Strong Buy,DRREDDY.NS
2026-07-10,SELL,1244.3,Strong Sell,DRREDDY.NS
2025-11-25,BUY,7218.5,Buy,EICHERMOT.NS
2026-01-20,SELL,7173.5,Sell,EICHERMOT.NS
2026-02-10,BUY,7296.0,Buy,EICHERMOT.NS
2026-03-16,SELL,6827.5,Sell,EICHERMOT.NS
2026-05-04,BUY,7329.0,Buy,EICHERMOT.NS
2026-05-18,SELL,6913.0,Sell,EICHERMOT.NS
2026-05-25,BUY,7414.0,Strong Buy,EICHERMOT.NS
2026-06-05,SELL,7070.0,Strong Sell,EICHERMOT.NS
2026-06-10,BUY,7219.5,Strong Buy,EICHERMOT.NS
2026-06-30,SELL,7073.5,Strong Sell,EICHERMOT.NS
2026-07-17,BUY,7563.5,Strong Buy,EICHERMOT.NS
2025-10-15,BUY,2816.8,Buy,GRASIM.NS
2025-11-07,SELL,2724.6,Sell,GRASIM.NS
2025-12-16,BUY,2799.1,Buy,GRASIM.NS
2026-01-08,SELL,2792.0,Sell,GRASIM.NS
2026-01-28,BUY,2839.1,Buy,GRASIM.NS
2026-02-27,SELL,2799.8,Sell,GRASIM.NS
2026-04-20,BUY,2760.1,Buy,GRASIM.NS
2025-10-09,BUY,1422.1,Buy,HCLTECH.NS
2026-01-06,SELL,1558.62,Sell,HCLTECH.NS
2026-01-13,BUY,1605.58,Buy,HCLTECH.NS
2026-02-04,SELL,1575.25,Sell,HCLTECH.NS
2026-03-10,BUY,1322.42,Buy,HCLTECH.NS
2026-04-27,SELL,1215.79,Sell,HCLTECH.NS
2025-08-29,BUY,936.12,Strong Buy,HDFCBANK.NS
2025-09-26,SELL,929.67,Sell,HDFCBANK.NS
2025-10-08,BUY,962.78,Buy,HDFCBANK.NS
2025-12-10,SELL,973.7,Sell,HDFCBANK.NS
2026-01-02,BUY,985.3,Buy,HDFCBANK.NS
2026-01-27,SELL,911.33,Sell,HDFCBANK.NS
2025-11-14,BUY,770.95,Buy,HDFCLIFE.NS
2025-12-03,SELL,749.28,Sell,HDFCLIFE.NS
2025-12-11,BUY,772.45,Buy,HDFCLIFE.NS
2025-12-17,SELL,750.82,Sell,HDFCLIFE.NS
2026-01-06,BUY,775.09,Buy,HDFCLIFE.NS
2026-01-13,SELL,745.84,Sell,HDFCLIFE.NS
2026-02-23,BUY,739.81,Buy,HDFCLIFE.NS
2026-03-04,SELL,682.17,Sell,HDFCLIFE.NS
2025-11-18,BUY,5688.62,Buy,HEROMOTOCO.NS
2025-12-18,SELL,5638.6,Sell,HEROMOTOCO.NS
2026-01-05,BUY,5871.06,Buy,HEROMOTOCO.NS
2026-01-12,SELL,5617.02,Sell,HEROMOTOCO.NS
2026-02-04,BUY,5739.63,Buy,HEROMOTOCO.NS
2026-02-19,SELL,5414.5,Sell,HEROMOTOCO.NS
2026-02-25,BUY,5737.5,Buy,HEROMOTOCO.NS
2026-03-06,SELL,5512.5,Sell,HEROMOTOCO.NS
2026-03-10,BUY,5711.5,Buy,HEROMOTOCO.NS
2026-03-12,SELL,5394.5,Sell,HEROMOTOCO.NS
2026-04-10,BUY,5466.5,Buy,HEROMOTOCO.NS
2026-04-24,SELL,4961.5,Sell,HEROMOTOCO.NS
2026-05-07,BUY,5343.0,Buy,HEROMOTOCO.NS
2026-05-15,SELL,5064.5,Strong Sell,HEROMOTOCO.NS
2025-10-07,BUY,763.82,Buy,HINDALCO.NS
2025-11-21,SELL,773.66,Sell,HINDALCO.NS
2025-12-02,BUY,802.66,Buy,HINDALCO.NS
2026-02-16,SELL,902.74,Sell,HINDALCO.NS
2026-03-05,BUY,949.99,Buy,HINDALCO.NS
2026-03-16,SELL,916.37,Sell,HINDALCO.NS
2026-04-07,BUY,949.55,Buy,HINDALCO.NS
2025-10-21,BUY,2545.59,Buy,HINDUNILVR.NS
2025-10-28,SELL,2452.68,Sell,HINDUNILVR.NS
2026-01-08,BUY,2362.67,Buy,HINDUNILVR.NS
2026-01-29,SELL,2328.91,Sell,HINDUNILVR.NS
2026-02-12,BUY,2385.44,Buy,HINDUNILVR.NS
2026-02-16,SELL,2295.65,Sell,HINDUNILVR.NS
2026-02-26,BUY,2359.3,Buy,HINDUNILVR.NS
2026-03-02,SELL,2297.23,Sell,HINDUNILVR.NS
2026-04-24,BUY,2303.87,Buy,HINDUNILVR.NS
2026-05-21,SELL,2157.06,Sell,HINDUNILVR.NS
2025-10-16,BUY,1417.3,Buy,ICICIBANK.NS
2025-10-28,SELL,1363.1,Sell,ICICIBANK.NS
2025-11-13,BUY,1385.9,Buy,ICICIBANK.NS
2025-12-10,SELL,1363.6,Sell,ICICIBANK.NS
2026-01-05,BUY,1371.5,Buy,ICICIBANK.NS
2026-01-20,SELL,1375.8,Sell,ICICIBANK.NS
2026-02-04,BUY,1408.4,Buy,ICICIBANK.NS
2026-02-27,SELL,1378.9,Sell,ICICIBANK.NS
2026-04-16,BUY,1345.5,Buy,ICICIBANK.NS
2026-04-29,SELL,1281.0,Sell,ICICIBANK.NS
2026-06-19,BUY,1346.5,Strong Buy,ICICIBANK.NS
2025-08-13,BUY,772.2,Buy,INDUSINDBK.NS
2026-03-10,SELL,897.25,Sell,INDUSINDBK.NS
2026-04-22,BUY,868.69,Buy,INDUSINDBK.NS
2025-08-05,BUY,1407.82,Buy,INFY.NS
2025-09-26,SELL,1396.83,Sell,INFY.NS
2025-10-09,BUY,1455.06,Buy,INFY.NS
2025-10-17,SELL,1389.31,Sell,INFY.NS
2025-10-24,BUY,1470.58,Buy,INFY.NS
2025-11-06,SELL,1435.63,Sell,INFY.NS
2025-11-10,BUY,1481.44,Buy,INFY.NS
2026-02-10,SELL,1466.08,Sell,INFY.NS
2026-03-05,BUY,1278.14,Buy,INFY.NS
2026-04-23,SELL,1214.32,Sell,INFY.NS
2025-08-22,BUY,379.78,Strong Buy,ITC.NS
2025-09-26,SELL,386.26,Sell,ITC.NS
2025-10-24,BUY,397.42,Buy,ITC.NS
2025-11-06,SELL,388.55,Sell,ITC.NS
2025-12-24,BUY,387.69,Buy,ITC.NS
2026-03-05,SELL,303.24,Sell,ITC.NS
2026-04-21,BUY,301.44,Buy,ITC.NS
2026-05-12,SELL,292.73,Strong Sell,ITC.NS
2025-09-26,BUY,1124.34,Buy,JSWSTEEL.NS
2025-11-21,SELL,1133.79,Sell,JSWSTEEL.NS
2026-01-06,BUY,1169.58,Buy,JSWSTEEL.NS
2026-03-16,SELL,1139.06,Sell,JSWSTEEL.NS
2026-04-09,BUY,1202.79,Buy,JSWSTEEL.NS
2025-08-05,BUY,399.91,Buy,KOTAKBANK.NS
2025-11-13,SELL,414.32,Sell,KOTAKBANK.NS
2025-12-04,BUY,426.34,Buy,KOTAKBANK.NS
2026-01-08,SELL,425.86,Sell,KOTAKBANK.NS
2026-02-09,BUY,428.06,Buy,KOTAKBANK.NS
2026-02-27,SELL,414.48,Sell,KOTAKBANK.NS
2026-06-15,BUY,405.05,Buy,KOTAKBANK.NS
2026-07-06,SELL,380.64,Sell,KOTAKBANK.NS
2025-09-26,BUY,3693.43,Buy,LT.NS
2026-01-08,SELL,3989.43,Sell,LT.NS
2026-02-03,BUY,3999.73,Buy,LT.NS
2026-03-05,SELL,3999.63,Sell,LT.NS
2026-04-10,BUY,3921.6,Buy,LT.NS
2026-05-12,SELL,3819.2,Sell,LT.NS
2026-05-25,BUY,4033.4,Strong Buy,LT.NS
2026-06-11,SELL,3862.0,Strong Sell,LT.NS
2026-06-15,BUY,4169.8,Buy,LT.NS
2026-07-08,SELL,3892.1,Sell,LT.NS
2025-10-08,BUY,252.95,Buy,LTF.NS
2025-11-03,SELL,276.85,Strong Sell,LTF.NS
2025-11-12,BUY,291.89,Buy,LTF.NS
2026-01-09,SELL,296.65,Sell,LTF.NS
2026-02-20,BUY,294.72,Buy,LTF.NS
2026-03-05,SELL,272.69,Sell,LTF.NS
2026-04-10,BUY,275.59,Buy,LTF.NS
2026-05-21,SELL,267.1,Strong Sell,LTF.NS
2026-05-29,BUY,286.6,Strong Buy,LTF.NS
2026-06-01,SELL,271.25,Strong Sell,LTF.NS
2026-06-15,BUY,293.25,Buy,LTF.NS
2025-10-20,BUY,3561.7,Buy,M&M.NS
2025-10-31,SELL,3450.96,Sell,M&M.NS
2025-11-07,BUY,3651.85,Buy,M&M.NS
2025-12-16,SELL,3583.37,Sell,M&M.NS
2025-12-31,BUY,3670.65,Buy,M&M.NS
2026-01-13,SELL,3623.45,Sell,M&M.NS
2026-02-10,BUY,3637.6,Buy,M&M.NS
2026-02-19,SELL,3396.14,Sell,M&M.NS
2026-05-05,BUY,3177.43,Buy,M&M.NS
2026-05-15,SELL,3090.64,Strong Sell,M&M.NS
2025-11-21,BUY,15977.0,Buy,MARUTI.NS
2026-01-14,SELL,16152.0,Sell,MARUTI.NS
2026-05-04,BUY,13580.0,Buy,MARUTI.NS
2026-05-13,SELL,13103.0,Strong Sell,MARUTI.NS
2025-08-05,BUY,1122.17,Buy,NESTLEIND.NS
2025-09-26,SELL,1150.82,Sell,NESTLEIND.NS
2025-10-10,BUY,1187.35,Buy,NESTLEIND.NS
2025-12-11,SELL,1202.69,Sell,NESTLEIND.NS
2025-12-22,BUY,1244.47,Buy,NESTLEIND.NS
2026-02-19,SELL,1272.38,Sell,NESTLEIND.NS
2026-02-24,BUY,1313.69,Buy,NESTLEIND.NS
2026-03-02,SELL,1273.58,Sell,NESTLEIND.NS
2026-04-16,BUY,1251.38,Buy,NESTLEIND.NS
2025-09-26,BUY,332.54,Buy,NTPC.NS
2025-11-03,SELL,329.89,Sell,NTPC.NS
2026-01-08,BUY,341.82,Buy,NTPC.NS
2026-04-06,SELL,366.1,Sell,NTPC.NS
2026-04-13,BUY,386.25,Buy,NTPC.NS
2026-07-10,SELL,344.55,Strong Sell,NTPC.NS
2025-08-05,BUY,222.44,Buy,ONGC.NS
2025-12-04,SELL,236.66,Sell,ONGC.NS
2026-01-16,BUY,241.49,Buy,ONGC.NS
2025-08-05,BUY,276.95,Buy,POWERGRID.NS
2025-09-29,SELL,272.89,Sell,POWERGRID.NS
2025-10-06,BUY,279.02,Buy,POWERGRID.NS
2025-11-10,SELL,265.22,Sell,POWERGRID.NS
2026-02-13,BUY,287.2,Buy,POWERGRID.NS
2026-07-08,SELL,279.7,Sell,POWERGRID.NS
2025-08-08,BUY,1356.09,Buy,RELIANCE.NS
2025-09-26,SELL,1371.26,Sell,RELIANCE.NS
2025-10-16,BUY,1391.86,Buy,RELIANCE.NS
2026-01-12,SELL,1476.37,Sell,RELIANCE.NS
2026-05-06,BUY,1431.28,Buy,RELIANCE.NS
2026-05-12,SELL,1357.72,Strong Sell,RELIANCE.NS
2025-10-15,BUY,1838.04,Buy,SBILIFE.NS
2025-11-18,SELL,1990.53,Sell,SBILIFE.NS
2026-01-07,BUY,2067.93,Buy,SBILIFE.NS
2026-01-22,SELL,2019.19,Sell,SBILIFE.NS
2026-02-16,BUY,2039.56,Buy,SBILIFE.NS
2026-03-02,SELL,2029.38,Sell,SBILIFE.NS
2026-04-15,BUY,1971.0,Buy,SBILIFE.NS
2026-04-24,SELL,1768.9,Sell,SBILIFE.NS
2025-09-26,BUY,841.78,Buy,SBIN.NS
2025-11-13,SELL,937.11,Sell,SBIN.NS
2026-01-01,BUY,967.31,Buy,SBIN.NS
2026-03-16,SELL,1047.81,Sell,SBIN.NS
2026-04-27,BUY,1092.16,Buy,SBIN.NS
2026-05-04,SELL,1049.48,Sell,SBIN.NS
2026-06-12,BUY,1017.15,Buy,SBIN.NS
2025-08-06,BUY,1580.76,Buy,SUNPHARMA.NS
2025-09-29,SELL,1574.92,Sell,SUNPHARMA.NS
2025-10-01,BUY,1621.39,Buy,SUNPHARMA.NS
2025-12-30,SELL,1704.63,Sell,SUNPHARMA.NS
2026-01-07,BUY,1766.47,Buy,SUNPHARMA.NS
2026-01-13,SELL,1713.05,Sell,SUNPHARMA.NS
2026-02-12,BUY,1710.42,Buy,SUNPHARMA.NS
2026-04-07,SELL,1713.51,Sell,SUNPHARMA.NS
2026-04-28,BUY,1742.73,Buy,SUNPHARMA.NS
2025-08-06,BUY,1043.97,Buy,TATACONSUM.NS
2025-12-03,SELL,1130.43,Sell,TATACONSUM.NS
2025-12-17,BUY,1169.9,Buy,TATACONSUM.NS
2026-01-14,SELL,1161.57,Sell,TATACONSUM.NS
2026-02-18,BUY,1159.89,Buy,TATACONSUM.NS
2026-03-05,SELL,1109.71,Sell,TATACONSUM.NS
2026-04-17,BUY,1103.86,Buy,TATACONSUM.NS
2026-06-05,SELL,1130.9,Strong Sell,TATACONSUM.NS
2025-10-10,BUY,170.35,Buy,TATASTEEL.NS
2025-11-17,SELL,169.67,Sell,TATASTEEL.NS
2026-01-07,BUY,180.09,Buy,TATASTEEL.NS
2026-03-11,SELL,190.81,Sell,TATASTEEL.NS
2026-04-13,BUY,202.22,Buy,TATASTEEL.NS
2025-08-06,BUY,2911.44,Buy,TCS.NS
2025-10-01,SELL,2798.05,Sell,TCS.NS
2025-10-09,BUY,2939.67,Buy,TCS.NS
2025-11-06,SELL,2901.67,Sell,TCS.NS
2025-11-11,BUY,2936.46,Buy,TCS.NS
2026-01-20,SELL,3044.11,Sell,TCS.NS
2026-02-03,BUY,3164.8,Buy,TCS.NS
2026-02-10,SELL,2928.62,Sell,TCS.NS
2026-03-18,BUY,2395.02,Buy,TCS.NS
2026-04-27,SELL,2401.69,Sell,TCS.NS
2025-11-12,BUY,1419.22,Buy,TECHM.NS
2026-02-06,SELL,1578.87,Sell,TECHM.NS
2026-03-12,BUY,1315.61,Buy,TECHM.NS
2026-04-27,SELL,1360.74,Sell,TECHM.NS
2026-05-01,BUY,1436.18,Buy,TECHM.NS
2026-05-12,SELL,1357.62,Strong Sell,TECHM.NS
2026-06-01,BUY,1504.11,Buy,TECHM.NS
2026-06-12,SELL,1393.0,Strong Sell,TECHM.NS
2026-07-07,BUY,1447.5,Strong Buy,TECHM.NS
2025-09-25,BUY,3367.45,Buy,TITAN.NS
2025-09-29,SELL,3390.08,Sell,TITAN.NS
2025-10-08,BUY,3553.94,Buy,TITAN.NS
2026-01-28,SELL,3962.2,Sell,TITAN.NS
2026-02-06,BUY,4127.46,Buy,TITAN.NS
2026-03-11,SELL,4126.76,Sell,TITAN.NS
2026-04-06,BUY,4232.21,Buy,TITAN.NS
2025-12-26,BUY,11794.0,Buy,ULTRACEMCO.NS
2026-03-16,SELL,11099.0,Sell,ULTRACEMCO.NS
2026-04-21,BUY,12039.0,Buy,ULTRACEMCO.NS
2026-05-01,SELL,11586.0,Sell,ULTRACEMCO.NS
2026-05-06,BUY,12093.0,Buy,ULTRACEMCO.NS
2026-05-12,SELL,11516.0,Sell,ULTRACEMCO.NS
2025-11-18,BUY,752.37,Buy,UPL.NS
2026-01-23,SELL,695.81,Sell,UPL.NS
2026-02-04,BUY,751.43,Buy,UPL.NS
2026-02-26,SELL,634.31,Sell,UPL.NS
2026-04-17,BUY,658.33,Buy,UPL.NS
2026-05-12,SELL,620.15,Sell,UPL.NS
2025-08-06,BUY,233.92,Buy,WIPRO.NS
2025-09-29,SELL,233.61,Sell,WIPRO.NS
2025-10-10,BUY,242.44,Buy,WIPRO.NS
2025-10-21,SELL,235.29,Sell,WIPRO.NS
2025-11-19,BUY,239.88,Buy,WIPRO.NS
2026-01-23,SELL,232.4,Sell,WIPRO.NS
2026-03-16,BUY,195.11,Buy,WIPRO.NS
2026-05-06,SELL,199.12,Sell,WIPRO.NS
