Ticker,Company,Headline,Label,Confidence,Polarity,Model
RELIANCE.NS,Reliance Industries,"Stocks to Watch Today: Reliance Industries, ICICI Bank, HDFC Bank, NATCO Pharma, Oberoi Realty, RBL Bank,...",neutral,0.9286,0.0,FinBERT
RELIANCE.NS,Reliance Industries,Reliance Share Price - Live NSE: RELIANCE Stock Price & Chart,neutral,0.9438,0.0,FinBERT
RELIANCE.NS,Reliance Industries,Reliance Industries shares climb nearly 3% as Jio files for IPO,positive,0.9075,0.9075,FinBERT
RELIANCE.NS,Reliance Industries,What NSE and Jio Platforms IPOs reveal about India's changing economy,neutral,0.9241,0.0,FinBERT
RELIANCE.NS,Reliance Industries,Reliance Industries share price rises 2.5% despite stock market crash. Do you own?,neutral,0.7858,0.0,FinBERT
RELIANCE.NS,Reliance Industries,Unpleasant Surprises Could Be In Store For Reliance Industries Limited's (NSE:RELIANCE) Shares,negative,0.779,-0.779,FinBERT
RELIANCE.NS,Reliance Industries,"Reliance Industries hits 52-week low, stock down 12% in one month",negative,0.9709,-0.9709,FinBERT
RELIANCE.NS,Reliance Industries,Indian shares extend losses as investors book profits in thin year-end trade; Reliance drags,negative,0.9701,-0.9701,FinBERT
RELIANCE.NS,Reliance Industries,Reliance Industries shares up 2% on NSE,positive,0.9417,0.9417,FinBERT
RELIANCE.NS,Reliance Industries,IPO: Reliance Jio announces what may be India's biggest-ever share sale,neutral,0.877,0.0,FinBERT
TCS.NS,TCS Tata Consultancy,TCS Share Price Today - Tata Consultancy Services on NSE/BSE,neutral,0.9375,0.0,FinBERT
TCS.NS,TCS Tata Consultancy,TCS Q1 FY2027 Results: Revenue and Profit Data,neutral,0.8587,0.0,FinBERT
TCS.NS,TCS Tata Consultancy,"TCS dips 2%, trades near 6-year low ahead of Q1 results; IT sector in focus",negative,0.9639,-0.9639,FinBERT
TCS.NS,TCS Tata Consultancy,"IT shares crash after three-day rally, TCS nosedives 8 per cent",negative,0.9687,-0.9687,FinBERT
TCS.NS,TCS Tata Consultancy,TCS share price falls 2% ahead of Q1 results 2026. Should you buy or sell?,negative,0.5031,-0.5031,FinBERT
TCS.NS,TCS Tata Consultancy,Investors in Tata Consultancy Services (NSE:TCS) have unfortunately lost 21% over the last year,negative,0.9728,-0.9728,FinBERT
TCS.NS,TCS Tata Consultancy,"Stocks to Watch Today: SBI, TCS, Tata Steel, Iware Supplychain, NLC India, Graphite India, TVS Motor,...",neutral,0.9388,0.0,FinBERT
TCS.NS,TCS Tata Consultancy,"TCS board sets July dividend decision, shares trade lower on NSE",negative,0.9517,-0.9517,FinBERT
TCS.NS,TCS Tata Consultancy,"TCS to Announce Q1 FY27 Financial Results on July 9, 2026",neutral,0.9504,0.0,FinBERT
TCS.NS,TCS Tata Consultancy,TCS shares slide to 6-year low after 9% crash; what lies ahead?,negative,0.9325,-0.9325,FinBERT
HDFCBANK.NS,HDFC Bank,"Stocks to Watch Today: Reliance Industries, ICICI Bank, HDFC Bank, NATCO Pharma, Oberoi Realty, RBL Bank,...",neutral,0.9286,0.0,FinBERT
HDFCBANK.NS,HDFC Bank,HDFC Bank Share Price - Live NSE: HDFCBANK Stock Price & Chart,neutral,0.9451,0.0,FinBERT
HDFCBANK.NS,HDFC Bank,"HDFC Bank Ltd Share Price Today,, HDFCBANK Share Price NSE, BSE",neutral,0.9444,0.0,FinBERT
HDFCBANK.NS,HDFC Bank,"ICICI Bank Share Price Today, ICICI Bank Stock Price Live NSE/BSE Updates",neutral,0.9448,0.0,FinBERT
HDFCBANK.NS,HDFC Bank,HDFC Bank gains 2% on Q1 business update; brokerages decode fine print,positive,0.9353,0.9353,FinBERT
HDFCBANK.NS,HDFC Bank,Bear territory! HDFC Bank shares plunge over 21% from all-time high. Top 5 brokerages weigh in,negative,0.9278,-0.9278,FinBERT
HDFCBANK.NS,HDFC Bank,HDFC Bank shares in focus as stock turns ex-dividend; Keki Mistry’s gets extension,neutral,0.795,0.0,FinBERT
HDFCBANK.NS,HDFC Bank,"YES Bank Share Price Today, YES Bank Stock Price Live NSE/BSE Updates",neutral,0.9445,0.0,FinBERT
HDFCBANK.NS,HDFC Bank,"Stock Market News - Share Market News, Sensex Today, BSE/NSE India, Nifty 50 Updates | CNBCTV18",neutral,0.9284,0.0,FinBERT
HDFCBANK.NS,HDFC Bank,HDFC Bank shares drop 2% on report of probe into Rs 45-crore interest payments,negative,0.9634,-0.9634,FinBERT
INFY.NS,Infosys,Infosys Stock Leads 3 Founder Backed Indian Companies Worth Watching,positive,0.5486,0.5486,FinBERT
INFY.NS,Infosys,"Stocks to Watch Today: Infosys, IRFC, Honasa Consumer, Rashi Peripherals, City Union Bank, Delhivery, Clay...",neutral,0.9376,0.0,FinBERT
INFY.NS,Infosys,"Infosys, Rajesh Exports, TechM, among buzzing stocks as SENSEX jumps over 650 pts, NIFTY rises 1% in noon deals",positive,0.919,0.919,FinBERT
INFY.NS,Infosys,"Infosys shares down 5%, hit 52-week low: Why IT stock tumbled after Q4 results",negative,0.9642,-0.9642,FinBERT
INFY.NS,Infosys,IT stocks to buy: Infosys top pick; target prices amid weak Q1 expectations,negative,0.5086,-0.5086,FinBERT
INFY.NS,Infosys,Infosys share price today: Stock falls around 4% after Q4 numbers; what’s the outlook? Brokerages share r,negative,0.9453,-0.9453,FinBERT
INFY.NS,Infosys,"Why Infosys, TCS, TechM shares are rising today?",positive,0.5433,0.5433,FinBERT
INFY.NS,Infosys,Infosys stock heads into the week after Accenture news hits Nifty IT,negative,0.4509,-0.4509,FinBERT
INFY.NS,Infosys,INFY Forecast — Price Target — Prediction for 2027,neutral,0.8226,0.0,FinBERT
INFY.NS,Infosys,IT Shares Slide Sharply: Infosys Down 8.5% on Accenture Warning,negative,0.9706,-0.9706,FinBERT
ICICIBANK.NS,ICICI Bank,"ICICI Bank Share Price Today, ICICI Bank Stock Price Live NSE/BSE Updates",neutral,0.9448,0.0,FinBERT
ICICIBANK.NS,ICICI Bank,"Stocks to Watch Today: Reliance Industries, ICICI Bank, HDFC Bank, NATCO Pharma, Oberoi Realty, RBL Bank,...",neutral,0.9286,0.0,FinBERT
ICICIBANK.NS,ICICI Bank,ICICI Bank Share Price - Live NSE: ICICIBANK Stock Price & Chart,neutral,0.944,0.0,FinBERT
ICICIBANK.NS,ICICI Bank,"ICICI Bank soars 3%, nears record high; brokerages upbeat on stock",positive,0.8116,0.8116,FinBERT
ICICIBANK.NS,ICICI Bank,Here's Why We Think ICICI Bank (NSE:ICICIBANK) Might Deserve Your Attention Today,neutral,0.7585,0.0,FinBERT
ICICIBANK.NS,ICICI Bank,Indian Oil Corporation Share Price Today - Live NSE/BSE,neutral,0.9385,0.0,FinBERT
ICICIBANK.NS,ICICI Bank,"SENSEX rises over 500 points, NIFTY50 above 24,200 led by gains in ICICI Bank, HDFC Bank",positive,0.9362,0.9362,FinBERT
ICICIBANK.NS,ICICI Bank,ICICI Bank share price target: Two near-term triggers that can drive earnings rerating,neutral,0.6636,0.0,FinBERT
ICICIBANK.NS,ICICI Bank,India's ICICI Prudential AMC notches $14.4 billion valuation on trading-debut spike,neutral,0.5706,0.0,FinBERT
ICICIBANK.NS,ICICI Bank,ICICIBANK Forecast — Price Target — Prediction for 2027,neutral,0.8311,0.0,FinBERT
HINDUNILVR.NS,Hindustan Unilever HUL,Hindustan Unilever Share Price - Live NSE: HINDUNILVR Stock Price & Chart,neutral,0.9444,0.0,FinBERT
HINDUNILVR.NS,Hindustan Unilever HUL,HINDUNILVR Share Price Today - Hindustan Unilever on NSE/BSE,neutral,0.9421,0.0,FinBERT
HINDUNILVR.NS,Hindustan Unilever HUL,Hindustan Unilever Share Price Today - Live NSE/BSE,neutral,0.9422,0.0,FinBERT
HINDUNILVR.NS,Hindustan Unilever HUL,"Kwality Wall’s (India) Share Price List At NSE, BSE After HUL Demerger",neutral,0.9433,0.0,FinBERT
HINDUNILVR.NS,Hindustan Unilever HUL,Hindustan Unilever rallies 6% in 2 days; what's driving FMCG stock?,neutral,0.7542,0.0,FinBERT
HINDUNILVR.NS,Hindustan Unilever HUL,Kwality Wall''s Stock Debuts After HUL Demerger,neutral,0.4798,0.0,FinBERT
HINDUNILVR.NS,Hindustan Unilever HUL,"Hindustan Unilever demerges Kwality Wall’s, 2.3 Billion shares to list on stock market",neutral,0.9181,0.0,FinBERT
HINDUNILVR.NS,Hindustan Unilever HUL,CAM advised Kwality Wall's (India) Ltd in relation to listing of its equity shares on BSE and NSE,neutral,0.9324,0.0,FinBERT
HINDUNILVR.NS,Hindustan Unilever HUL,Kwality Wall’s shares list with 26% discount at ₹29.80 apiece versus adjusted price of ₹40.20 on NSE,positive,0.5725,0.5725,FinBERT
HINDUNILVR.NS,Hindustan Unilever HUL,"Hindustan Unilever’s ice cream arm Kwality Wall’s shares to list on NSE, BSE on February 16",neutral,0.9389,0.0,FinBERT
ITC.NS,ITC Limited,ITC Share Price,neutral,0.9466,0.0,FinBERT
ITC.NS,ITC Limited,ITC Limited's (NSE:ITC) Shares May Have Run Too Fast Too Soon,negative,0.8927,-0.8927,FinBERT
ITC.NS,ITC Limited,"ITC stock nears 52-week low; slips 8% in 1 month, down 21% thus far in 2026",negative,0.975,-0.975,FinBERT
ITC.NS,ITC Limited,ITC HOTELS LIMITED Share Price - Live NSE: ITCHOTELS Stock Price & Chart,neutral,0.947,0.0,FinBERT
ITC.NS,ITC Limited,"ITC Limited sets July 23 for 115th AGM, recommends ₹8 dividend",neutral,0.9338,0.0,FinBERT
ITC.NS,ITC Limited,ITC Ltd. Share Price Today - ITC Ltd. Stock Price Live NSE/BSE,neutral,0.933,0.0,FinBERT
ITC.NS,ITC Limited,ITC Limited (NSE:ITC) Stock's Been Sliding But Fundamentals Look Decent: Will The Market Correct The Share Price In The Future?,negative,0.9185,-0.9185,FinBERT
ITC.NS,ITC Limited,"ITC, Auro Pharma, Power Grid: Stocks to buy— target prices, stop loss, risk-reward & more",neutral,0.9224,0.0,FinBERT
ITC.NS,ITC Limited,ITC Ltd Records ₹16.62 Crore Block Trade on NSE at ₹293.10 Per Share,neutral,0.8077,0.0,FinBERT
ITC.NS,ITC Limited,"Adani Power, Vedanta, ITC: Stocks to trade— Check key levels, target, stop loss & more",neutral,0.9263,0.0,FinBERT
SBIN.NS,State Bank India SBI,SBI Share Price - Live NSE: SBIN Stock Price & Chart,neutral,0.9373,0.0,FinBERT
SBIN.NS,State Bank India SBI,SBI share price falls ahead of SBI Funds Management IPO opening today. Do you own?,negative,0.5024,-0.5024,FinBERT
SBIN.NS,State Bank India SBI,Bank of India (BANKINDIA) Share Price,neutral,0.9457,0.0,FinBERT
SBIN.NS,State Bank India SBI,"From Rs 2 crore to Rs 5,000 crore! How NSE IPO is a jackpot for SBI with 256,775% profit",neutral,0.645,0.0,FinBERT
SBIN.NS,State Bank India SBI,"SBI, insurers among biggest NSE IPO sellers as early investors sit on gains, could cash out with Rs 30,600...",positive,0.698,0.698,FinBERT
SBIN.NS,State Bank India SBI,"Through 2 IPOs, SBI eyes record asset unlock. Why it could be ‘once-in-a-generation balance-sheet event’",neutral,0.8236,0.0,FinBERT
SBIN.NS,State Bank India SBI,"NSE IPO Triggers Value Unlocking Rally: Why NIACL, GIC RE, LIC, SBI and Bank of Baroda Shares Rose While IFCI Fell",positive,0.784,0.784,FinBERT
SBIN.NS,State Bank India SBI,"India's largest asset manager draws top sovereign funds in $1.2 billion IPO, sources say",neutral,0.5537,0.0,FinBERT
SBIN.NS,State Bank India SBI,"SBI Funds Management IPO allotment: Status finalised; how to check online on NSE, BSE, KFin Technologies",neutral,0.9441,0.0,FinBERT
SBIN.NS,State Bank India SBI,"SBI Funds Management IPO allotment likely today. GMP, steps to check share allotment status on BSE, NSE, KFin Tech",neutral,0.952,0.0,FinBERT
BHARTIARTL.NS,Bharti Airtel,"Mcap of 6 of top-10 most valued firms surges ₹1 trillion, Airtel top gainer",positive,0.9364,0.9364,FinBERT
BHARTIARTL.NS,Bharti Airtel,Bharti Airtel gets shareholders' nod to increase stake in Africa business; how much does the telecom arm earn?,neutral,0.6029,0.0,FinBERT
BHARTIARTL.NS,Bharti Airtel,"Mcap of 6 of top-10 most valued firms surges by ₹88,678 crore; ICICI Bank biggest gainer",positive,0.9312,0.9312,FinBERT
BHARTIARTL.NS,Bharti Airtel,"Reliance Industries, Bharti Airtel, Waaree: Stocks to buy— price targets, stop loss & more",neutral,0.8793,0.0,FinBERT
BHARTIARTL.NS,Bharti Airtel,Bharti Airtel shares rise 3.5% post-Q4 results; brokerages positive on telco,positive,0.9426,0.9426,FinBERT
BHARTIARTL.NS,Bharti Airtel,3 Indian Telecom Stocks With Strong Margins And Rich P E,positive,0.9016,0.9016,FinBERT
BHARTIARTL.NS,Bharti Airtel,"Stocks to watch, July 13: Indian Bank, HCLTech, ICICI Pru AMC, LTM, DMart, NTPC, Bharti Airtel, Nuvoco Vistas",neutral,0.9202,0.0,FinBERT
BHARTIARTL.NS,Bharti Airtel,Explained: Why Bharti Airtel shares are down 3% today,negative,0.9696,-0.9696,FinBERT
BHARTIARTL.NS,Bharti Airtel,Bharti Airtel Sees Rs. 38.17 Crore Block Trade on NSE at Rs. 1832.50 Per Share,neutral,0.9157,0.0,FinBERT
BHARTIARTL.NS,Bharti Airtel,Bharti Airtel: Tariff hike key trigger; Morgan Stanley 'OW' for 34% upside,positive,0.9181,0.9181,FinBERT
KOTAKBANK.NS,Kotak Mahindra Bank,"Axistecetf Share Price, Stock Price - NSE/BSE Live",neutral,0.9492,0.0,FinBERT
KOTAKBANK.NS,Kotak Mahindra Bank,"HDFC Bank Ltd Share Price Today,, HDFCBANK Share Price NSE, BSE",neutral,0.9444,0.0,FinBERT
KOTAKBANK.NS,Kotak Mahindra Bank,Buzzing Stocks: Diamond Power surges 10% on order win; Kotak Mahindra Bank slips,positive,0.9112,0.9112,FinBERT
KOTAKBANK.NS,Kotak Mahindra Bank,"India shares climb, with just five major stocks making up most Nifty gains",negative,0.5832,-0.5832,FinBERT
KOTAKBANK.NS,Kotak Mahindra Bank,Stocks to buy or sell: Dharmesh Shah of ICICI Sec suggests buying Kotak Mahindra Bank shares on 22 June,neutral,0.9318,0.0,FinBERT
KOTAKBANK.NS,Kotak Mahindra Bank,Kotak Rings in 30 Years on the NSE Marking India's Rise as a Robust Financial Market,positive,0.8814,0.8814,FinBERT
KOTAKBANK.NS,Kotak Mahindra Bank,"Kotak Mahindra Bank Limited's (NSE:KOTAKBANK) large institutional owners must be happy as stock continues to impress, up 3.2% over the past week",positive,0.9531,0.9531,FinBERT
KOTAKBANK.NS,Kotak Mahindra Bank,Kotak Mahindra Bank marks 30 years of listing on National Stock Exchange,neutral,0.8766,0.0,FinBERT
KOTAKBANK.NS,Kotak Mahindra Bank,Kotak Secures 9.99% Federal Bank Stake in Surprise RBI Move,neutral,0.6278,0.0,FinBERT
KOTAKBANK.NS,Kotak Mahindra Bank,Kotak Mahindra Bank board to consider stock split proposal today,neutral,0.9341,0.0,FinBERT
LT.NS,Larsen Toubro,Larsen & Toubro Share Price - Live NSE: LT Stock Price & Chart,neutral,0.9416,0.0,FinBERT
LT.NS,Larsen Toubro,Larsen & Toubro's (NSE:LT) investors will be pleased with their strong 192% return over the last five years,positive,0.9409,0.9409,FinBERT
LT.NS,Larsen Toubro,Larsen & Toubro shares jump 8% in trade; what's driving investor interest?,neutral,0.6861,0.0,FinBERT
LT.NS,Larsen Toubro,"Stocks to Watch Today: Vedanta, Larsen and Toubro, Indian Hume Pipe, Bajaj Finance, Schaeffler India,...",neutral,0.9296,0.0,FinBERT
LT.NS,Larsen Toubro,Larsen & Toubro Receives BSE and NSE Observation Letters for Proposed Scheme of Arrangement,neutral,0.9422,0.0,FinBERT
LT.NS,Larsen Toubro,"Stocks to Watch Today: Larsen & Toubro, M&M, Hero MotoCorp, Coforge, BHEL, Tata Technologies,...",neutral,0.9238,0.0,FinBERT
LT.NS,Larsen Toubro,L&T shares recover a little after tumbling 7% amid Middle East tensions; check what Macquarie said,negative,0.4603,-0.4603,FinBERT
LT.NS,Larsen Toubro,Larsen & Toubro falls 22% since West Asia war; here's what analyst suggests,negative,0.8597,-0.8597,FinBERT
LT.NS,Larsen Toubro,Larsen & Toubro (NSE:LT) Ticks All The Boxes When It Comes To Earnings Growth,neutral,0.9089,0.0,FinBERT
LT.NS,Larsen Toubro,Larsen & Toubro Records ₹73.43 Crore Block Trade on NSE,neutral,0.8484,0.0,FinBERT
AXISBANK.NS,Axis Bank,Axis Bank Share Price - Live NSE: AXISBANK Stock Price & Chart,neutral,0.9473,0.0,FinBERT
AXISBANK.NS,Axis Bank,"ICICI Bank Share Price Today, ICICI Bank Stock Price Live NSE/BSE Updates",neutral,0.9448,0.0,FinBERT
AXISBANK.NS,Axis Bank,"YES Bank Share Price Today, YES Bank Stock Price Live NSE/BSE Updates",neutral,0.9445,0.0,FinBERT
AXISBANK.NS,Axis Bank,"HDFC Bank Ltd Share Price Today,, HDFCBANK Share Price NSE, BSE",neutral,0.9444,0.0,FinBERT
AXISBANK.NS,Axis Bank,"Bank Nifty falls over 2%, Axis Bank stock among top Nifty losers; all 14 constituents end in red",negative,0.9616,-0.9616,FinBERT
AXISBANK.NS,Axis Bank,Axis Bank up 2%; nears record high; what's driving private sector lender?,positive,0.7924,0.7924,FinBERT
AXISBANK.NS,Axis Bank,Axis Bank (NSE:AXISBANK) shareholders have earned a 15% CAGR over the last five years,positive,0.8278,0.8278,FinBERT
AXISBANK.NS,Axis Bank,"Top gainers, losers on NSE, BSE 16th Dec: Sensex, Nifty stay under pressure, Axis Bank, JSW Steel among top losers",negative,0.9376,-0.9376,FinBERT
AXISBANK.NS,Axis Bank,Axis Bank Makes Q4FY26 Earnings Call Transcript Available to Stakeholders,neutral,0.9436,0.0,FinBERT
AXISBANK.NS,Axis Bank,"Top Losers Today - NSE Top Losers Stocks Live, BSE Top Losers Shares Today",neutral,0.92,0.0,FinBERT
ASIANPAINT.NS,Asian Paints,Asian Paints shares jump 3% after Q4 beat; brokerages see up to 34% upside but divided on outlook,positive,0.8735,0.8735,FinBERT
ASIANPAINT.NS,Asian Paints,"RIL, Asian Paints, HDFC Bank, TCS, among other shares change hands via block deals on June 24",neutral,0.9527,0.0,FinBERT
ASIANPAINT.NS,Asian Paints,Investing in Asian Paints (NSE:ASIANPAINT) a year ago would have delivered you a 21% gain,positive,0.9294,0.9294,FinBERT
ASIANPAINT.NS,Asian Paints,Asian Paints Ltd. Share Price Today - Asian Paints Ltd. Stock Price Live NSE/BSE,neutral,0.938,0.0,FinBERT
ASIANPAINT.NS,Asian Paints,Asian Paints shares tumble 5% after Q3 PAT falls 5% YoY,negative,0.9644,-0.9644,FinBERT
ASIANPAINT.NS,Asian Paints,"Dividend stocks: LIC, Asian Paints, 28 others to remain in focus next week",neutral,0.9352,0.0,FinBERT
ASIANPAINT.NS,Asian Paints,Asian Paints promoter Smiti Holding discloses share pledge details,neutral,0.947,0.0,FinBERT
ASIANPAINT.NS,Asian Paints,"Berger Paints hits 3-month high on strong Q4 results; Asian Paints, others see rub-off effect, rise up to...",positive,0.9494,0.9494,FinBERT
ASIANPAINT.NS,Asian Paints,"While institutions own 30% of Asian Paints Limited (NSE:ASIANPAINT), private companies are its largest shareholders with 40% ownership",neutral,0.9523,0.0,FinBERT
ASIANPAINT.NS,Asian Paints,Asian Paints Sees Rs. 97.61 Crore Block Trade on NSE,neutral,0.5861,0.0,FinBERT
MARUTI.NS,Maruti Suzuki,Maruti Suzuki Share Price,neutral,0.9366,0.0,FinBERT
MARUTI.NS,Maruti Suzuki,"Stocks to Watch Today: Tech Mahindra, WeWork India, Borosil Renewables, Servotech Renewable, Maruti...",neutral,0.9028,0.0,FinBERT
MARUTI.NS,Maruti Suzuki,"Will Maruti reclaim ₹15,000-mark in next 3 months? Analyst flags key hurdle",neutral,0.928,0.0,FinBERT
MARUTI.NS,Maruti Suzuki,Is Now The Time To Put Maruti Suzuki India (NSE:MARUTI) On Your Watchlist?,neutral,0.9269,0.0,FinBERT
MARUTI.NS,Maruti Suzuki,Top Gainers Losers NSE,neutral,0.7919,0.0,FinBERT
MARUTI.NS,Maruti Suzuki,Maruti Suzuki Begins Kharkhoda Plant Output; Shares Fall 2.37%,negative,0.965,-0.965,FinBERT
MARUTI.NS,Maruti Suzuki,Stock market today: Which are top gainers and losers on NSE & BSE on June 24? Check list,neutral,0.7047,0.0,FinBERT
MARUTI.NS,Maruti Suzuki,Maruti Suzuki India Ltd. Share Price Today - Maruti Suzuki India Ltd. Stock Price Live NSE/BSE,neutral,0.9409,0.0,FinBERT
MARUTI.NS,Maruti Suzuki,Maruti Suzuki shares gain 5% on Q4 show; analysts project up to 22% upside,positive,0.9438,0.9438,FinBERT
MARUTI.NS,Maruti Suzuki,"Maruti Suzuki shares decline up to 3% on missing Q3 profit estimates, drag auto index up to 2%",negative,0.9717,-0.9717,FinBERT
SUNPHARMA.NS,Sun Pharma,Top 14 Pharma Stocks To Buy In India July 2026,neutral,0.9303,0.0,FinBERT
SUNPHARMA.NS,Sun Pharma,"Nifty Pharma jumps nearly 2%; Dr Reddy's, Sun Pharma and Cipla lead gains, dominate Nifty gainers list",positive,0.9263,0.9263,FinBERT
SUNPHARMA.NS,Sun Pharma,Why Sun Pharma is up today? - Reasons explained,neutral,0.9195,0.0,FinBERT
SUNPHARMA.NS,Sun Pharma,Sun Pharmaceutical Industries Limited's (NSE:SUNPHARMA) Share Price Not Quite Adding Up,neutral,0.4699,0.0,FinBERT
SUNPHARMA.NS,Sun Pharma,Sun Pharma shares slip post Q4; analysts cautious on near-term upside,negative,0.971,-0.971,FinBERT
SUNPHARMA.NS,Sun Pharma,Sun Pharma - 6 pharma stocks that Bernstein sees up to 40% upside potential. Do you own any?,neutral,0.8413,0.0,FinBERT
SUNPHARMA.NS,Sun Pharma,Best Pharma Stocks in India 2026,neutral,0.769,0.0,FinBERT
SUNPHARMA.NS,Sun Pharma,"Piramal Pharma, Cohance Lifesciences, Sun Pharma, Cipla, Dr Reddy's, other pharma shares jump; what's driving the rally?",neutral,0.7633,0.0,FinBERT
SUNPHARMA.NS,Sun Pharma,Sun Pharma dividend schedule: Board announces record date for ₹5/share final dividend issue,neutral,0.9127,0.0,FinBERT
SUNPHARMA.NS,Sun Pharma,Sun Pharmaceutical Industries Ltd. Share Price Live Today,neutral,0.9263,0.0,FinBERT
TITAN.NS,Titan Company,Titan Company Share Price,neutral,0.9441,0.0,FinBERT
TITAN.NS,Titan Company,"Titan, Kalyan, Senco, Thangamayil extend rally, surge up to 9%; here's why",positive,0.913,0.913,FinBERT
TITAN.NS,Titan Company,"Trade Spotlight: How should you trade NLC India, KSB, Titan Company, Adani Power, Nykaa, Natco Pharma, and...",neutral,0.9328,0.0,FinBERT
TITAN.NS,Titan Company,"Titan Falls 6%: JP Morgan Upgrades to ₹5,400 Despite Miss",positive,0.6339,0.6339,FinBERT
TITAN.NS,Titan Company,Best Gold Stocks in India 2025,neutral,0.8517,0.0,FinBERT
TITAN.NS,Titan Company,Stock market today: Which are top 10 gainers and losers on NSE & BSE on June 22? Check list,neutral,0.6715,0.0,FinBERT
TITAN.NS,Titan Company,"India raised gold, silver import tariffs: The implications for Titan",positive,0.6842,0.6842,FinBERT
TITAN.NS,Titan Company,"Titan Company Sees ₹68.53 Crore Block Trade on NSE at ₹3,911.40 Per Share",neutral,0.893,0.0,FinBERT
TITAN.NS,Titan Company,"Titan Q3 results: Net profit jumps 61% YoY to ₹1,684 crore, revenue rises 42% — Details here",positive,0.8614,0.8614,FinBERT
TITAN.NS,Titan Company,"Titan eyes 2x growth by FY30; analysts back expansion plans, mkt share gain",positive,0.6303,0.6303,FinBERT
ULTRACEMCO.NS,UltraTech Cement,"UltraTech Cem Share Price Today, UltraTech Cem Stock Price Live NSE/BSE Updates",neutral,0.9466,0.0,FinBERT
ULTRACEMCO.NS,UltraTech Cement,Top 17 Cement Stocks To Buy In India July 2026,neutral,0.9245,0.0,FinBERT
ULTRACEMCO.NS,UltraTech Cement,UltraTech Cement confirms no encumbrance on India Cements shares as of 31 Mar 2026,neutral,0.9383,0.0,FinBERT
ULTRACEMCO.NS,UltraTech Cement,"UltraTech Cement Share Price Fall 2.97% to Close at ₹12,664 Amid Broad Sector Weakness",negative,0.96,-0.96,FinBERT
ULTRACEMCO.NS,UltraTech Cement,UltraTech Cement Q4 results - Declares dividend of Rs 240 per share,neutral,0.917,0.0,FinBERT
ULTRACEMCO.NS,UltraTech Cement,Investing in UltraTech Cement (NSE:ULTRACEMCO) five years ago would have delivered you a 144% gain,positive,0.8787,0.8787,FinBERT
ULTRACEMCO.NS,UltraTech Cement,"Ultratech Cement, Hindalco, Grasim Industries, JSW Steel, among top gainers on March 16 amid volatile market; NIFTY50 trades above 23,100",positive,0.8793,0.8793,FinBERT
ULTRACEMCO.NS,UltraTech Cement,UltraTech UltraTech Ready Mixed Concrete from UltraTech Cement - a classic material for modern build,positive,0.6804,0.6804,FinBERT
ULTRACEMCO.NS,UltraTech Cement,UltraTech Cement shares fall 1% as quarterly margins underwhelm in Q2; brokerages see better H2FY26,negative,0.9711,-0.9711,FinBERT
ULTRACEMCO.NS,UltraTech Cement,NSE launches Nifty Cement Index; here's everything investors need to know,neutral,0.9093,0.0,FinBERT
BAJFINANCE.NS,Bajaj Finance,Bajaj Finance Share Price - Live NSE: BAJFINANCE Stock Price & Chart,neutral,0.9462,0.0,FinBERT
BAJFINANCE.NS,Bajaj Finance,Can D-Street build on its recent rally? What the charts indicate,neutral,0.8248,0.0,FinBERT
BAJFINANCE.NS,Bajaj Finance,"Adani Entp, Bajaj Finance to Coal India: Top Nifty stocks MF bought in June",positive,0.6038,0.6038,FinBERT
BAJFINANCE.NS,Bajaj Finance,"Stocks to Watch Today: PB Fintech, Bajaj Finance, CSB Bank, Ujjivan SFB, Marico, Titagarh Rail, BLS...",neutral,0.9391,0.0,FinBERT
BAJFINANCE.NS,Bajaj Finance,Bajaj Finance Ltd. Share Price Today - Bajaj Finance Ltd. Stock Price Live NSE/BSE,neutral,0.9403,0.0,FinBERT
BAJFINANCE.NS,Bajaj Finance,Bajaj Finance Limited's (NSE:BAJFINANCE) Shareholders Might Be Looking For Exit,neutral,0.9312,0.0,FinBERT
BAJFINANCE.NS,Bajaj Finance,"LIC buys Bajaj Finance debentures worth ₹5,120 Crore",neutral,0.9219,0.0,FinBERT
BAJFINANCE.NS,Bajaj Finance,"Top gainers & losers on NSE, BSE 11th Nov: Sensex, Nifty 50 off day’s low, Bajaj twin shares drag financial index",negative,0.5527,-0.5527,FinBERT
BAJFINANCE.NS,Bajaj Finance,Bajaj Finance informs shareholders on TDS for final dividend,neutral,0.9494,0.0,FinBERT
BAJFINANCE.NS,Bajaj Finance,"Stocks to watch today: Bajaj Finance, Adani Power, Vedanta, MOFSL, L&T",neutral,0.9373,0.0,FinBERT
WIPRO.NS,Wipro,"Wipro Ltd. Share Price, Stock Price - NSE/BSE Live",neutral,0.9408,0.0,FinBERT
WIPRO.NS,Wipro,Wipro shares tank 7% amid heavy volumes on buyback record date,positive,0.5404,0.5404,FinBERT
WIPRO.NS,Wipro,"Nifty IT falls nearly 3%; Infosys, TCS, Wipro among top losers as US rate fear, AI disruption weigh on...",negative,0.9423,-0.9423,FinBERT
WIPRO.NS,Wipro,Has Wipro Limited's (NSE:WIPRO) Impressive Stock Performance Got Anything to Do With Its Fundamentals?,neutral,0.7939,0.0,FinBERT
WIPRO.NS,Wipro,"BSE set for Nifty50 hot seat, likely to replace Wipro in September rejig",neutral,0.8228,0.0,FinBERT
WIPRO.NS,Wipro,"Stock market crash: Reliance Industries, TCS, RVNL, Wipro among 82 stocks that hit 52-week low on NSE",negative,0.8792,-0.8792,FinBERT
WIPRO.NS,Wipro,"Wipro Share Buyback 2026: Record Date, Buyback Price, Eligibility, and What Investors Should Know",neutral,0.9453,0.0,FinBERT
WIPRO.NS,Wipro,"Wipro down 4% post Q4; muted Q1 guidance, delayed ramp-ups spook investors",negative,0.974,-0.974,FinBERT
WIPRO.NS,Wipro,"Wipro shares fall over 11% in 2 days; should you buy, sell or hold?",negative,0.9246,-0.9246,FinBERT
WIPRO.NS,Wipro,Wipro among 6 F&O stocks with a sharp rise in futures open interest,positive,0.715,0.715,FinBERT
ONGC.NS,ONGC Oil Gas,ONGC Share Price,neutral,0.9469,0.0,FinBERT
ONGC.NS,ONGC Oil Gas,Oil India Share Price,neutral,0.9327,0.0,FinBERT
ONGC.NS,ONGC Oil Gas,"ONGC, Oil India shares rise up to 9% as govt cuts royalty burden on oil, gas exploration",positive,0.9424,0.9424,FinBERT
ONGC.NS,ONGC Oil Gas,Oil India tanks 11% on heavy volumes; stock hits 4-month low,negative,0.6409,-0.6409,FinBERT
ONGC.NS,ONGC Oil Gas,Investors in Oil and Natural Gas (NSE:ONGC) have seen splendid returns of 219% over the past five years,positive,0.9277,0.9277,FinBERT
ONGC.NS,ONGC Oil Gas,"BSE Oil & Gas index hits 52-wk high; what's driving ONGC, OIL India stocks?",neutral,0.8669,0.0,FinBERT
ONGC.NS,ONGC Oil Gas,Is Oil and Natural Gas (NSE:ONGC) A Risky Investment?,neutral,0.7645,0.0,FinBERT
ONGC.NS,ONGC Oil Gas,"ONGC, Oil India fall up to 2% as Brent crude drops below $90 on Middle East peace hopes",negative,0.9593,-0.9593,FinBERT
ONGC.NS,ONGC Oil Gas,"ONGC, Oil India shares surge over 7% as Centre revises royalty rates for crude oil, natural gas; details here",neutral,0.6555,0.0,FinBERT
ONGC.NS,ONGC Oil Gas,"Upstream oil stocks mixed as crude hits $105; RIL, ONGC under pressure",negative,0.8696,-0.8696,FinBERT
NTPC.NS,NTPC Power,NTPCGREEN Share Price Today - NTPC Green Energy on NSE/BSE,neutral,0.9347,0.0,FinBERT
NTPC.NS,NTPC Power,"Stocks to Watch Today: HDFC Life, Adani Power, TVS Holdings, NTPC Green, Laser Power, India Pesticides,...",neutral,0.9425,0.0,FinBERT
NTPC.NS,NTPC Power,"Power sector: Antique picks NTPC, Adani Power, ACME Solar; here's why",neutral,0.9365,0.0,FinBERT
NTPC.NS,NTPC Power,"Suzlon Energy, Waaree Energies, NTPC Green and more: How renewable energy stocks are performing on May 25",neutral,0.8916,0.0,FinBERT
NTPC.NS,NTPC Power,"IFCI, NTPC Green, HFCL, YES Bank— These are among the top most traded stocks on the NSE today",neutral,0.8752,0.0,FinBERT
NTPC.NS,NTPC Power,"Adani Power, Acme Solar, IEX, JSW Energy, NTPC, Power Grid shares: Antique's top 2 picks, target prices",neutral,0.8484,0.0,FinBERT
NTPC.NS,NTPC Power,NTPC fined Rs 5.31 lakh each by BSE and NSE for Q4FY26,negative,0.9572,-0.9572,FinBERT
NTPC.NS,NTPC Power,"BEL, Tech Mahindra, SBI, NTPC and Power Grid crossed their 200 EMA on Monday; check details",neutral,0.8381,0.0,FinBERT
NTPC.NS,NTPC Power,"NTPC Green Energy shares gain 7%, rebound 25% from 52-week low; know why",positive,0.943,0.943,FinBERT
NTPC.NS,NTPC Power,"Trade Spotlight: How should you trade NTPC Green Energy, Tata Power, JB Chemicals, Sterlite Technologies,...",neutral,0.9383,0.0,FinBERT
POWERGRID.NS,Power Grid India,Power Grid Corp Share Price - Live NSE: POWERGRID Stock Price & Chart,neutral,0.9451,0.0,FinBERT
POWERGRID.NS,Power Grid India,Power Grid Corporation of India's (NSE:POWERGRID) Earnings Offer More Than Meets The Eye,positive,0.8717,0.8717,FinBERT
POWERGRID.NS,Power Grid India,Holding strong post breakout: Power Grid Corporation of India poised for trend continuation,positive,0.8931,0.8931,FinBERT
POWERGRID.NS,Power Grid India,"Power Grid Corporation of India Ltd spurts 1.09%, up for third straight session",positive,0.942,0.942,FinBERT
POWERGRID.NS,Power Grid India,Power Grid Corporation of India Ltd. Share Price Live Today,neutral,0.9364,0.0,FinBERT
POWERGRID.NS,Power Grid India,"Stocks to Watch Today: LTM, Avenue Supermarts, Swiggy, Pace Digitek, Power Grid, Powerica, RITES, Keystone...",neutral,0.9433,0.0,FinBERT
POWERGRID.NS,Power Grid India,"Stocks to watch: NSE, Power Grid, Torrent Power among 10 shares in focus on Tuesday",neutral,0.9363,0.0,FinBERT
POWERGRID.NS,Power Grid India,Investing in Power Grid Corporation of India (NSE:POWERGRID) five years ago would have delivered you a 208% gain,positive,0.8284,0.8284,FinBERT
POWERGRID.NS,Power Grid India,Power Grid Corp shares rise after board plans to consider $500 million fundraising,negative,0.5475,-0.5475,FinBERT
POWERGRID.NS,Power Grid India,Here's why Power Grid Corporation share price rose 4% in trade on Feb 2,positive,0.9236,0.9236,FinBERT
TECHM.NS,Tech Mahindra,"Stocks to Watch Today: Tech Mahindra, WeWork India, Borosil Renewables, Servotech Renewable, Maruti...",neutral,0.9028,0.0,FinBERT
TECHM.NS,Tech Mahindra,"IT stocks crash! TCS, Tech Mahindra, Infosys, others drag down Nifty IT 5% intraday; check key factors behind fall",negative,0.9305,-0.9305,FinBERT
TECHM.NS,Tech Mahindra,"IT stocks rally: Why are Infosys, TCS and Tech Mahindra shares surging despite AI disruption fears?",neutral,0.4748,0.0,FinBERT
TECHM.NS,Tech Mahindra,Tech Mahindra misses Q4 profit estimate; stock down over 3% in two sessions,negative,0.9723,-0.9723,FinBERT
TECHM.NS,Tech Mahindra,"Sensex Today Trades Higher | Nifty Above 23,850 | Tech Mahindra & Infosys Top Gainers",positive,0.9349,0.9349,FinBERT
TECHM.NS,Tech Mahindra,"Tech Mahindra Records ₹54.05 Crore Block Trade on NSE at ₹1,710 Per Share",neutral,0.7488,0.0,FinBERT
TECHM.NS,Tech Mahindra,"Nifty IT jumps 2% despite JPMorgan's AI disruption warning; Infosys, Tech Mahindra, TCS among top gainers",positive,0.9256,0.9256,FinBERT
TECHM.NS,Tech Mahindra,"TCS, Infosys, Tech Mahindra, other IT shares fall amid AI stocks sell-off on Wall Street",negative,0.963,-0.963,FinBERT
TECHM.NS,Tech Mahindra,Stock market today: Which are top gainers and losers on NSE & BSE on June 24? Check list,neutral,0.7047,0.0,FinBERT
TECHM.NS,Tech Mahindra,"Tech Mahindra, Infy among top analyst picks as IT stocks continue to slide",positive,0.7776,0.7776,FinBERT
HCLTECH.NS,HCL Technologies,HCL Technologies Share Price - Live NSE: HCLTECH Stock Price & Chart,neutral,0.9462,0.0,FinBERT
HCLTECH.NS,HCL Technologies,"Stocks to Watch Today: HCL Tech, Biocon, Timken India, EMS, Alembic Pharma, PDS, ICICI Prudential AMC,...",neutral,0.9321,0.0,FinBERT
HCLTECH.NS,HCL Technologies,"HCL Tech share price crashes over 10%; Rs 38,000 crore gone from market cap as brokerages downgrade stock",negative,0.9698,-0.9698,FinBERT
HCLTECH.NS,HCL Technologies,HCL Technologies Limited's (NSE:HCLTECH) Shares May Have Run Too Fast Too Soon,negative,0.9235,-0.9235,FinBERT
HCLTECH.NS,HCL Technologies,HCLTech Q4 preview: Product seasonality may hit CC rev; FY27 guidance eyed,negative,0.8234,-0.8234,FinBERT
HCLTECH.NS,HCL Technologies,HCL Tech shares fall over 2% after Q3 profit declines 11%,negative,0.9729,-0.9729,FinBERT
HCLTECH.NS,HCL Technologies,India stocks higher at close of trade; Nifty 50 up 1.18%,positive,0.9361,0.9361,FinBERT
HCLTECH.NS,HCL Technologies,"Stocks to Watch Today: HCL Tech, Bharti Airtel, Avience Biomedicals, Delhivery, Pine Labs, NLC India,...",neutral,0.9281,0.0,FinBERT
HCLTECH.NS,HCL Technologies,"Nifty IT index slips 2%; TCS, Infosys, HCL Tech, LTM, Wipro down up to 3%",negative,0.9691,-0.9691,FinBERT
HCLTECH.NS,HCL Technologies,"IT stocks shine again! Infosys, TCS jump 6%, HCLTech gains 5%; are signs of a turnaround emerging?",positive,0.9356,0.9356,FinBERT
JSWSTEEL.NS,JSW Steel,JSW Steel Share Price - Live NSE: JSWSTEEL Stock Price & Chart,neutral,0.9446,0.0,FinBERT
JSWSTEEL.NS,JSW Steel,"JSW Steel shares gain over 1% after launch of Rs 65,000 crore Odisha steel plant project",positive,0.9446,0.9446,FinBERT
JSWSTEEL.NS,JSW Steel,Firms assist on JSW Energy’s sale of shares in steel unit,neutral,0.9019,0.0,FinBERT
JSWSTEEL.NS,JSW Steel,"Tata Steel, JSW Steel or Jindal Stainless? Jefferies, Goldman Sachs bullish on these steel stocks",neutral,0.8671,0.0,FinBERT
JSWSTEEL.NS,JSW Steel,SAIL Share Price,neutral,0.9315,0.0,FinBERT
JSWSTEEL.NS,JSW Steel,"JSW Energy sells JSW Steel shares worth Rs 3,150 crore via bulk deal",neutral,0.9321,0.0,FinBERT
JSWSTEEL.NS,JSW Steel,JSW Steel's (NSE:JSWSTEEL) investors will be pleased with their stellar 229% return over the last five years,positive,0.9403,0.9403,FinBERT
JSWSTEEL.NS,JSW Steel,Cyril Amarchand Mangaldas advises JSW Energy on sale of equity shares of JSW Steel,neutral,0.9372,0.0,FinBERT
JSWSTEEL.NS,JSW Steel,"Stocks picks, Feb 10: Kotak Sec recommends JSW Steel, Acutaas Chemicals",neutral,0.9325,0.0,FinBERT
JSWSTEEL.NS,JSW Steel,"Vedanta, Hind Zinc, SAIL, Tata Steel, JSW Steel: fresh price targets for metal stocks",neutral,0.9158,0.0,FinBERT
TATASTEEL.NS,Tata Steel,SAIL Share Price,neutral,0.9315,0.0,FinBERT
TATASTEEL.NS,Tata Steel,"Stocks to Watch Today: SBI, TCS, Tata Steel, Iware Supplychain, NLC India, Graphite India, TVS Motor,...",neutral,0.9388,0.0,FinBERT
TATASTEEL.NS,Tata Steel,Tata Steel share price falls 4% despite strong Q4 results. Should you buy or sell?,negative,0.6954,-0.6954,FinBERT
TATASTEEL.NS,Tata Steel,"Nifty Metal index soars 3%; Nalco, Hindalco, Tata Steel rally up to 5%",positive,0.9251,0.9251,FinBERT
TATASTEEL.NS,Tata Steel,Tata Steel (NSE:TATASTEEL) shareholders are still up 339% over 5 years despite pulling back 3.2% in the past week,positive,0.9506,0.9506,FinBERT
TATASTEEL.NS,Tata Steel,Tata Steel shares crack 4% after Q4 results. Here's why JPMorgan downgraded the stock,negative,0.9019,-0.9019,FinBERT
TATASTEEL.NS,Tata Steel,Tata Steel Records Rs. 68.11 Crore Block Trade on NSE,neutral,0.7521,0.0,FinBERT
TATASTEEL.NS,Tata Steel,"Vedanta, Hind Zinc, SAIL, Tata Steel, JSW Steel: fresh price targets for metal stocks",neutral,0.9158,0.0,FinBERT
TATASTEEL.NS,Tata Steel,Buzzing Stocks: Tata Steel slips after Q1 business update; NLC India gains on NALCO JV,negative,0.9647,-0.9647,FinBERT
TATASTEEL.NS,Tata Steel,"Stocks to watch, May 18: Tata Steel Vi, Coal India, HFCL, Bajaj Electricals, SAIL, IOC",neutral,0.9311,0.0,FinBERT
TATAMOTORS.NS,Tata Motors,"Tata Motors CV Share Price Today, Tata Motors CV Stock Price Live NSE/BSE Updates",neutral,0.9421,0.0,FinBERT
TATAMOTORS.NS,Tata Motors,Why are Tata Motors shares rising today?,neutral,0.7635,0.0,FinBERT
TATAMOTORS.NS,Tata Motors,"Tata Motors shares gain 2% as firm secures over 3,400 electric commercial vehicle orders across segments",positive,0.9456,0.9456,FinBERT
TATAMOTORS.NS,Tata Motors,Tata Motors Share Price Today Down 8%,negative,0.9632,-0.9632,FinBERT
TATAMOTORS.NS,Tata Motors,"Top Losers Today - NSE Top Losers Stocks Live, BSE Top Losers Shares Today",neutral,0.92,0.0,FinBERT
TATAMOTORS.NS,Tata Motors,"Tata Motors, Tata Motors PV gain 3%; rally up to 15% in 1 month; here's why",positive,0.9126,0.9126,FinBERT
TATAMOTORS.NS,Tata Motors,TMPV Stock Price and Chart — NSE:TMPV,neutral,0.9343,0.0,FinBERT
TATAMOTORS.NS,Tata Motors,"Tata Motors PV stock crashes nearly 10%, top Nifty loser today as investors react to JLR FY27 outlook",negative,0.9687,-0.9687,FinBERT
TATAMOTORS.NS,Tata Motors,Tata Motors Ltd. Share Price Today | Tata Motors Live NSE/BSE,neutral,0.9314,0.0,FinBERT
TATAMOTORS.NS,Tata Motors,Tata Motors Shares Down 38%: Ex-Demerger Value Explained,negative,0.9548,-0.9548,FinBERT
NESTLEIND.NS,Nestle India,Should Income Investors Look At Nestlé India Limited (NSE:NESTLEIND) Before Its Ex-Dividend?,neutral,0.9444,0.0,FinBERT
NESTLEIND.NS,Nestle India,Top Gainers Losers NSE,neutral,0.7919,0.0,FinBERT
NESTLEIND.NS,Nestle India,"Nestle India Q1 FY27 results schedule out: Check date, time, share price trend, and other details",neutral,0.9271,0.0,FinBERT
NESTLEIND.NS,Nestle India,"Nestle hits 52-week high on posting Q4; records double-digit volume, sales",positive,0.8628,0.8628,FinBERT
NESTLEIND.NS,Nestle India,Nestle India shares rise over 8% post-Q4 results: Here are three reasons,neutral,0.8974,0.0,FinBERT
NESTLEIND.NS,Nestle India,Nestle India Shares Surge 8% on Strong Q4 FY26 Results,positive,0.9365,0.9365,FinBERT
NESTLEIND.NS,Nestle India,"Nestle May Raise Prices, Coal India Output Falls: 14 Stocks in Focus",negative,0.9709,-0.9709,FinBERT
NESTLEIND.NS,Nestle India,Nestlé India's (NSE:NESTLEIND) Earnings Seem To Be Promising,positive,0.9509,0.9509,FinBERT
NESTLEIND.NS,Nestle India,Nestle India shares jump 19% in one month; analysts term Q4 as 'blowout' quarter on domestic sales,positive,0.7626,0.7626,FinBERT
NESTLEIND.NS,Nestle India,"Nestle India shares rise 1.87% ahead of Q4 FY26 results today; Volumes, margins in focus",positive,0.8931,0.8931,FinBERT
DRREDDY.NS,Dr Reddys Laboratories,Dr. Reddy's Laboratories Ltd. Share Price Live Today,neutral,0.9365,0.0,FinBERT
DRREDDY.NS,Dr Reddys Laboratories,Dr Reddys gains over 4%; hits 52-week high on near 3X jump in volume,positive,0.9328,0.9328,FinBERT
DRREDDY.NS,Dr Reddys Laboratories,"Stocks to Watch Today: NLC India, Dr Reddys Labs, Ashoka Buildcon, JSW Energy, Aurobindo Pharma, Power...",neutral,0.9286,0.0,FinBERT
DRREDDY.NS,Dr Reddys Laboratories,Dr. Reddy’s Laboratories files FY26 annual report with US SEC,neutral,0.9444,0.0,FinBERT
DRREDDY.NS,Dr Reddys Laboratories,Why Dr. Reddy's Laboratories Is Rising Today: Pharma Stocks Rally on Rupee Weakness and Defensive Buying,negative,0.8515,-0.8515,FinBERT
DRREDDY.NS,Dr Reddys Laboratories,Benign Growth For Dr. Reddy's Laboratories Limited (NSE:DRREDDY) Underpins Its Share Price,positive,0.9357,0.9357,FinBERT
DRREDDY.NS,Dr Reddys Laboratories,"Dr Reddys, Capri Global, Inox Green: Top stocks to buy — Check targets, stop loss & more",neutral,0.8758,0.0,FinBERT
DRREDDY.NS,Dr Reddys Laboratories,"Dr Reddy's, Cipla and other pharma stocks rise up to 10% despite fall in NIFTY50 and SENSEX",positive,0.9439,0.9439,FinBERT
DRREDDY.NS,Dr Reddys Laboratories,"Dr. Reddy's Laboratories Announces Board Meeting on May 12, 2026 for Q4FY26 Results",neutral,0.9463,0.0,FinBERT
DRREDDY.NS,Dr Reddys Laboratories,"Stocks to Watch Today: Dr Reddys Labs, Aditya Infotech, IRFC, HG Infra, Schaeffler India, Rail Vikas...",neutral,0.9126,0.0,FinBERT
DIVISLAB.NS,Divis Laboratories,Divi's Labs slips 3% on margin worries; analysts positive on growth outlook,negative,0.799,-0.799,FinBERT
DIVISLAB.NS,Divis Laboratories,Divi's Laboratories Limited (NSE:DIVISLAB) Just Released Its Annual Results And Analysts Are Updating Their Estimates,neutral,0.9393,0.0,FinBERT
DIVISLAB.NS,Divis Laboratories,Top 14 Pharma Stocks To Buy In India July 2026,neutral,0.9303,0.0,FinBERT
DIVISLAB.NS,Divis Laboratories,"Stocks to Watch Today: TVS Motor, Exide Industries, Meesho, Groww, Gujarat Themis, Glenmark Pharma,...",neutral,0.937,0.0,FinBERT
DIVISLAB.NS,Divis Laboratories,Divi's Laboratories Ltd. Share Price Today - Divi's Laboratories Ltd. Stock Price Live NSE/BSE,neutral,0.9358,0.0,FinBERT
DIVISLAB.NS,Divis Laboratories,Divi’s Labs Q2 Profit ₹689 Cr (+35% YoY); Shares Price Fall 4%,negative,0.9647,-0.9647,FinBERT
DIVISLAB.NS,Divis Laboratories,"NIFTY Pharma surges over 3% on India-US trade deal boost; Cipla, Sun Pharma, Dr Reddy's, others gain",positive,0.9418,0.9418,FinBERT
DIVISLAB.NS,Divis Laboratories,"Top stocks in news: TCS, Lenskart, NTPC, Groww, Suzlon, Hindalco, Divis Labs, RBL Bank, Lupin",neutral,0.889,0.0,FinBERT
DIVISLAB.NS,Divis Laboratories,Divi's Laboratories (NSE:DIVISLAB) shareholders have earned a 17% CAGR over the last five years,positive,0.7088,0.7088,FinBERT
DIVISLAB.NS,Divis Laboratories,"Divi's Labs Q2 net profit rises 35%; shares fall 3%, snap six-session winning streak amid profit booking",negative,0.9713,-0.9713,FinBERT
CIPLA.NS,Cipla Pharma,Top 14 Pharma Stocks To Buy In India July 2026,neutral,0.9303,0.0,FinBERT
CIPLA.NS,Cipla Pharma,"Nifty Pharma Index Hits Fresh 52-Week High; Dr Reddy’s, Cipla, Ajanta Pharma Lead Rally on GLP-1 Opportunity",positive,0.9152,0.9152,FinBERT
CIPLA.NS,Cipla Pharma,"Cipla, Alkem, Zydus shares gain as US FDA reportedly approaches Indian firms for cancer drug supply",positive,0.8171,0.8171,FinBERT
CIPLA.NS,Cipla Pharma,"Nifty Pharma jumps nearly 2%; Dr Reddy's, Sun Pharma and Cipla lead gains, dominate Nifty gainers list",positive,0.9263,0.9263,FinBERT
CIPLA.NS,Cipla Pharma,"Piramal Pharma, Cohance Lifesciences, Sun Pharma, Cipla, Dr Reddy's, other pharma shares jump; what's driving the rally?",neutral,0.7633,0.0,FinBERT
CIPLA.NS,Cipla Pharma,The Market Doesn't Like What It Sees From Cipla Limited's (NSE:CIPLA) Earnings Yet,negative,0.9041,-0.9041,FinBERT
CIPLA.NS,Cipla Pharma,"Nifty Pharma index soars 3%; Dr Reddy's, Piramal Pharma rally up to 9%",positive,0.9421,0.9421,FinBERT
CIPLA.NS,Cipla Pharma,"Cipla Records ₹76.53 Crore Block Trade on NSE at ₹1,514.40 Per Share",neutral,0.8359,0.0,FinBERT
CIPLA.NS,Cipla Pharma,"Dr Reddy's, Cipla and other pharma stocks rise up to 10% despite fall in NIFTY50 and SENSEX",positive,0.9439,0.9439,FinBERT
CIPLA.NS,Cipla Pharma,"Cipla, Sun Pharma, Dr Reddy's, Glenmark trade lower after Centre tightens cough syrup sales rules",negative,0.9402,-0.9402,FinBERT
COALINDIA.NS,Coal India,Coal India Ltd. Share Price Today - Coal India Ltd. Stock Price Live NSE/BSE,neutral,0.9417,0.0,FinBERT
COALINDIA.NS,Coal India,BHARAT COKING COAL LTD Share Price,neutral,0.9425,0.0,FinBERT
COALINDIA.NS,Coal India,Coal India's (NSE:COALINDIA) Problems Go Beyond Weak Profit,negative,0.8138,-0.8138,FinBERT
COALINDIA.NS,Coal India,"Adani Entp, Bajaj Finance to Coal India: Top Nifty stocks MF bought in June",positive,0.6038,0.6038,FinBERT
COALINDIA.NS,Coal India,Coal India Commissions 200 MW Solar Power Capacity At Khavda In Gujarat,neutral,0.855,0.0,FinBERT
COALINDIA.NS,Coal India,India's NSE to set up unit for proposed national coal trading exchange,neutral,0.905,0.0,FinBERT
COALINDIA.NS,Coal India,Coal India shares tumble nearly 4% after Centre launches 2% stake sale via OFS,negative,0.9588,-0.9588,FinBERT
COALINDIA.NS,Coal India,Bharat Coking Coal Ltd. Share Price Today - Bharat Coking Coal Ltd. Stock Price Live NSE/BSE,neutral,0.9429,0.0,FinBERT
COALINDIA.NS,Coal India,Coal India Ltd eases for fifth straight session,negative,0.7405,-0.7405,FinBERT
COALINDIA.NS,Coal India,"Bharat Coking Coal IPO Listing Date: 4 key things retail investors should know before it debuts on NSE, BSE",neutral,0.9461,0.0,FinBERT
BPCL.NS,BPCL Bharat Petroleum,BPCL Share Price,neutral,0.9461,0.0,FinBERT
BPCL.NS,BPCL Bharat Petroleum,Is Now The Time To Put Bharat Petroleum (NSE:BPCL) On Your Watchlist?,neutral,0.9215,0.0,FinBERT
BPCL.NS,BPCL Bharat Petroleum,"Indian Oil, HPCL, BPCL stocks gain as oil below $80; JPMorgan, Kotak eye profitability recovery but flag...",positive,0.8909,0.8909,FinBERT
BPCL.NS,BPCL Bharat Petroleum,"IOC, BPCL, HPCL Shares Drop 3% After Doubts Over US-Iran Talks As Vance Postpones Switzerland Trip",negative,0.9621,-0.9621,FinBERT
BPCL.NS,BPCL Bharat Petroleum,"Bharat Petroleum Corporation opens the week with broker attention, shares edge higher on NSE",positive,0.9411,0.9411,FinBERT
BPCL.NS,BPCL Bharat Petroleum,"BPCL, HPCL, IOC shares dip but soaring oil prices fail to weigh on ONGC shares. Here's why",negative,0.9149,-0.9149,FinBERT
BPCL.NS,BPCL Bharat Petroleum,Bharat Petroleum Corporation Limited (NSE:BPCL) Stock Has Shown Weakness Lately But Financials Look Strong: Should Prospective Shareholders Make The Leap?,negative,0.7587,-0.7587,FinBERT
BPCL.NS,BPCL Bharat Petroleum,"HPCL, BPCL, other OMC shares rise up to 3% on fuel price hike",positive,0.9386,0.9386,FinBERT
BPCL.NS,BPCL Bharat Petroleum,"OMC stocks jump up to 5% as fuel prices rise for 4th time; how IOC, BPCL, HPCL stand to gain",positive,0.8667,0.8667,FinBERT
BPCL.NS,BPCL Bharat Petroleum,Bharat Petroleum Corp Ltd Stock - Saturday strategy and operations snapshot,neutral,0.8378,0.0,FinBERT
GRASIM.NS,Grasim Industries,Proud Moment for Grasim Industries at the 30-Year Milestone of the Nifty50,positive,0.7916,0.7916,FinBERT
GRASIM.NS,Grasim Industries,"Stocks to Watch Today: HCL Tech, Biocon, Timken India, EMS, Alembic Pharma, PDS, ICICI Prudential AMC,...",neutral,0.9321,0.0,FinBERT
GRASIM.NS,Grasim Industries,Some Shareholders Feeling Restless Over Grasim Industries Limited's (NSE:GRASIM) P/E Ratio,negative,0.9537,-0.9537,FinBERT
GRASIM.NS,Grasim Industries,"Grasim Industries, Granules India shares: Strategy, outlook and target prices",neutral,0.9469,0.0,FinBERT
GRASIM.NS,Grasim Industries,"Grasim Q4 FY26 adjusted PAT rises 31% to ₹2,041 crore; revenue up 15%",positive,0.9496,0.9496,FinBERT
GRASIM.NS,Grasim Industries,India's Grasim appoints Sangeeta Tanwani as CEO-Designate for Textiles,neutral,0.9298,0.0,FinBERT
GRASIM.NS,Grasim Industries,"Grasim Industries Reports Non-Convertible Debentures Worth ₹7,250 Crores to Stock Exchanges",neutral,0.9235,0.0,FinBERT
GRASIM.NS,Grasim Industries,Stock market today: Which are top gainers and losers on NSE and BSE? Check list,neutral,0.7051,0.0,FinBERT
GRASIM.NS,Grasim Industries,"Ultratech Cement, Hindalco, Grasim Industries, JSW Steel, among top gainers on March 16 amid volatile market; NIFTY50 trades above 23,100",positive,0.8793,0.8793,FinBERT
GRASIM.NS,Grasim Industries,Grasim Industries Files Q3FY26 Dematerialisation Certificate with Stock Exchanges,neutral,0.936,0.0,FinBERT
ADANIENT.NS,Adani Enterprises,Adani Enterprises stock up 3.5% after Morgan Stanley’s bullish call; AGM outlines Rs 2 trillion power...,positive,0.9453,0.9453,FinBERT
ADANIENT.NS,Adani Enterprises,Why Adani Stocks are up today?,neutral,0.766,0.0,FinBERT
ADANIENT.NS,Adani Enterprises,'No Allegations Against Company': Adani Enterprises To Stock Exchanges,neutral,0.8864,0.0,FinBERT
ADANIENT.NS,Adani Enterprises,Adani Enterprises slips 2%; sets QIP issue price 5% below floor price,negative,0.8963,-0.8963,FinBERT
ADANIENT.NS,Adani Enterprises,"Adani Enterprises hits 52-week high, Adani Power up 6%; Here’s why Adani Group stocks are rallying on Monday",positive,0.9152,0.9152,FinBERT
ADANIENT.NS,Adani Enterprises,Adani Enterprises shares scale new 52-week high; is it time to book profits?,positive,0.7458,0.7458,FinBERT
ADANIENT.NS,Adani Enterprises,Adani Enterprises Limited's (NSE:ADANIENT) Business Is Trailing The Market But Its Shares Aren't,neutral,0.8558,0.0,FinBERT
ADANIENT.NS,Adani Enterprises,"Adani Enterprises jumps 7%, hits 52-week high; stock up 52% from March low",positive,0.9465,0.9465,FinBERT
ADANIENT.NS,Adani Enterprises,Adani Enterprises stock rises over 1% after AI alliance with Jabil; extends gains for third straight...,positive,0.9457,0.9457,FinBERT
ADANIENT.NS,Adani Enterprises,"Adani Enterprises, Adani Ports, Adani Green: Adani Group stocks skyrocket on Feb 3 following India-US trade deal",negative,0.8789,-0.8789,FinBERT
ADANIPORTS.NS,Adani Ports,Adani Port Share Price - Live NSE: ADANIPORTS Stock Price & Chart,neutral,0.949,0.0,FinBERT
ADANIPORTS.NS,Adani Ports,Adani Ports hits new life-time high; Emkay lifts target price by 5%,positive,0.9444,0.9444,FinBERT
ADANIPORTS.NS,Adani Ports,Adani Ports and Special Economic Zone Limited's (NSE:ADANIPORTS) Share Price Could Signal Some Risk,positive,0.6946,0.6946,FinBERT
ADANIPORTS.NS,Adani Ports,Why Adani Stocks are up today?,neutral,0.766,0.0,FinBERT
ADANIPORTS.NS,Adani Ports,"Adani Ports, Aegis Vopak fall up to 6%; shipping, logistics stocks sink on Strait of Hormuz disruption...",negative,0.9701,-0.9701,FinBERT
ADANIPORTS.NS,Adani Ports,"Stocks to watch: Vedanta, Canara Bank, Adani Ports among 10 shares in focus today; check list here",neutral,0.936,0.0,FinBERT
ADANIPORTS.NS,Adani Ports,Stock market today: Which are top 10 gainers and losers on NSE & BSE on June 22? Check list,neutral,0.6715,0.0,FinBERT
ADANIPORTS.NS,Adani Ports,Adani Ports & Special Economic Zone Ltd. Share Price Live Today,neutral,0.9374,0.0,FinBERT
ADANIPORTS.NS,Adani Ports,"Adani Ports shares jump 2.5% to top become Nifty gainer today on iron ore MoU with NMDC, Vale Brazil",positive,0.9302,0.9302,FinBERT
ADANIPORTS.NS,Adani Ports,"Stocks to Watch: Dabur, Adani Ports, Cipla, JSW Cement, Allied Blenders",neutral,0.9371,0.0,FinBERT
BAJAJFINSV.NS,Bajaj Finserv,Bajaj Finance Share Price - Live NSE: BAJFINANCE Stock Price & Chart,neutral,0.9462,0.0,FinBERT
BAJAJFINSV.NS,Bajaj Finserv,"Adani Entp, Bajaj Finance to Coal India: Top Nifty stocks MF bought in June",positive,0.6038,0.6038,FinBERT
BAJAJFINSV.NS,Bajaj Finserv,Investor Optimism Abounds Bajaj Finserv Ltd. (NSE:BAJAJFINSV) But Growth Is Lacking,positive,0.9461,0.9461,FinBERT
BAJAJFINSV.NS,Bajaj Finserv,"Stocks to Watch Today: PB Fintech, Bajaj Finance, CSB Bank, Ujjivan SFB, Marico, Titagarh Rail, BLS...",neutral,0.9391,0.0,FinBERT
BAJAJFINSV.NS,Bajaj Finserv,Bajaj Finserv Ltd. Share Price Today - Bajaj Finserv Ltd. Stock Price Live NSE/BSE,neutral,0.9414,0.0,FinBERT
BAJAJFINSV.NS,Bajaj Finserv,Bajaj Finserv to host investor meet in London on June 23-24,neutral,0.9315,0.0,FinBERT
BAJAJFINSV.NS,Bajaj Finserv,"LIC buys Bajaj Finance debentures worth ₹5,120 Crore",neutral,0.9219,0.0,FinBERT
BAJAJFINSV.NS,Bajaj Finserv,"Stocks to watch today: Bajaj Finance, Adani Power, Vedanta, MOFSL, L&T",neutral,0.9373,0.0,FinBERT
BAJAJFINSV.NS,Bajaj Finserv,Bajaj Finserv's (NSE:BAJAJFINSV) investors will be pleased with their notable 97% return over the last five years,positive,0.9395,0.9395,FinBERT
BAJAJFINSV.NS,Bajaj Finserv,"Stocks to Watch Today: Vedanta, Larsen and Toubro, Indian Hume Pipe, Bajaj Finance, Schaeffler India,...",neutral,0.9296,0.0,FinBERT
BAJAJ-AUTO.NS,Bajaj Auto,"Bajaj Auto Share Price Today, Bajaj Auto Stock Price Live NSE/BSE Updates",neutral,0.9464,0.0,FinBERT
BAJAJ-AUTO.NS,Bajaj Auto,"Bajaj Auto slips nearly 3%, trades ex-date for share buyback; time to buy?",negative,0.8829,-0.8829,FinBERT
BAJAJ-AUTO.NS,Bajaj Auto,Bajaj Auto's (NSE:BAJAJ-AUTO) Earnings Are Of Questionable Quality,negative,0.9279,-0.9279,FinBERT
BAJAJ-AUTO.NS,Bajaj Auto,"Bajaj Auto, TVS Motor, Apollo Tyres gain up to 2% after Kotak names them among top Q1 auto bets",positive,0.9368,0.9368,FinBERT
BAJAJ-AUTO.NS,Bajaj Auto,"Q1 earnings this week: Infosys, Eternal, Bajaj Auto among 256 companies set to announce June quarter resul",neutral,0.699,0.0,FinBERT
BAJAJ-AUTO.NS,Bajaj Auto,"Bajaj Auto buyback record date nears. Should you participate in ₹5,633 crore share repurchase deal?",neutral,0.8874,0.0,FinBERT
BAJAJ-AUTO.NS,Bajaj Auto,Bajaj Auto Credit issues ₹500 crore NCDs via private placement,neutral,0.9311,0.0,FinBERT
BAJAJ-AUTO.NS,Bajaj Auto,"Top stocks in news: Infosys, IRFC, YES Bank, Vedanta, Honasa, Bajaj Auto, City Union, SIS",neutral,0.9184,0.0,FinBERT
BAJAJ-AUTO.NS,Bajaj Auto,Bajaj Auto Ltd stock (INE917I01010): share trades higher on NSE as investors track Indian two-wheele,positive,0.9345,0.9345,FinBERT
BAJAJ-AUTO.NS,Bajaj Auto,"Trade Spotlight: How should you trade Torrent Power, Bajaj Auto, Hindustan Aeronautics, Sun Pharma, PFC,...",neutral,0.9361,0.0,FinBERT
HEROMOTOCO.NS,Hero MotoCorp,Hero MotoCorp Share Price - Live NSE: HEROMOTOCO Stock Price & Chart,neutral,0.9472,0.0,FinBERT
HEROMOTOCO.NS,Hero MotoCorp,Hero MotoCorp's (NSE:HEROMOTOCO) Strong Earnings Are Of Good Quality,positive,0.9334,0.9334,FinBERT
HEROMOTOCO.NS,Hero MotoCorp,"Top stocks to buy today: Stock recommendations for July 8, 2026 - check list",neutral,0.9361,0.0,FinBERT
HEROMOTOCO.NS,Hero MotoCorp,Hero MotoCorp jumps to 52-week high as analysts lift targets on Q2 strength,positive,0.9198,0.9198,FinBERT
HEROMOTOCO.NS,Hero MotoCorp,"Stocks to watch, July 2: Coal India, JSW Infra, Hero MotoCorp, NMDC, cement, V-Mart Retail, IT stocks",neutral,0.9184,0.0,FinBERT
HEROMOTOCO.NS,Hero MotoCorp,"Stocks to Watch Today: Larsen & Toubro, M&M, Hero MotoCorp, Coforge, BHEL, Tata Technologies,...",neutral,0.9238,0.0,FinBERT
HEROMOTOCO.NS,Hero MotoCorp,"Stocks in news: BEL, HAL, ITC, Hero MotoCorp, Anant Raj, Adani Green",neutral,0.9313,0.0,FinBERT
HEROMOTOCO.NS,Hero MotoCorp,Investors in Hero MotoCorp (NSE:HEROMOTOCO) have seen stellar returns of 129% over the past three years,positive,0.9425,0.9425,FinBERT
HEROMOTOCO.NS,Hero MotoCorp,"Stocks to Watch Today: South Indian Bank, Hyundai Motor, Hero MotoCorp, TVS Motor, RailTel, Aurobindo...",neutral,0.9233,0.0,FinBERT
HEROMOTOCO.NS,Hero MotoCorp,"Stocks to Watch today: Hero MotoCorp, Paytm, L&T, Bajaj Auto, Policybazaar",neutral,0.9295,0.0,FinBERT
EICHERMOT.NS,Eicher Motors,Eicher Motors Share Price - Live NSE: EICHERMOT Stock Price & Chart,neutral,0.9436,0.0,FinBERT
EICHERMOT.NS,Eicher Motors,"Eicher Motors Share Price Jumps 5% To Cross 7k Mark After Strong Q4FY26 Earnings, Announces New JV With Volvo Group",positive,0.9205,0.9205,FinBERT
EICHERMOT.NS,Eicher Motors,Eicher Motors Limited (NSE:EICHERMOT) Full-Year Results: Here's What Analysts Are Forecasting For This Year,neutral,0.9151,0.0,FinBERT
EICHERMOT.NS,Eicher Motors,Eicher Motors shares rise 7% to record high after in-line Q3 results,positive,0.9437,0.9437,FinBERT
EICHERMOT.NS,Eicher Motors,"Stocks to watch today: Hindalco, TVS Motor, Eicher Motors, NTPC, among stocks in focus on 25 May 2026",neutral,0.949,0.0,FinBERT
EICHERMOT.NS,Eicher Motors,"Stocks to Watch Today: TVS Motor, Exide Industries, Meesho, Groww, Gujarat Themis, Glenmark Pharma,...",neutral,0.937,0.0,FinBERT
EICHERMOT.NS,Eicher Motors,"Stocks in news: JSW Steel, ZEE, Adani Enterprises, Vodafone Idea, Eicher Motors",neutral,0.9392,0.0,FinBERT
EICHERMOT.NS,Eicher Motors,Eicher Motors (NSE:EICHERMOT) Is Doing The Right Things To Multiply Its Share Price,positive,0.8249,0.8249,FinBERT
EICHERMOT.NS,Eicher Motors,"Eicher Motors Q4 results: PAT rises 12% to ₹1,520 crore on strong sales growth; ₹82/share dividend declared",positive,0.9459,0.9459,FinBERT
EICHERMOT.NS,Eicher Motors,"Nifty Auto index rallies 2%; Tata Motors PV, M&M, Eicher surge up to 3%",positive,0.9305,0.9305,FinBERT
BRITANNIA.NS,Britannia Industries,Britannia Industries Limited (NSE:BRITANNIA) Stock's Been Sliding But Fundamentals Look Decent: Will The Market Correct The Share Price In The Future?,negative,0.9256,-0.9256,FinBERT
BRITANNIA.NS,Britannia Industries,"Britannia dips 5% post Q4, warns of price hikes; analyst says sell on rise",negative,0.5274,-0.5274,FinBERT
BRITANNIA.NS,Britannia Industries,Britannia Industries Ltd. Share Price Today - Britannia Industries Ltd. Stock Price Live NSE/BSE,neutral,0.9416,0.0,FinBERT
BRITANNIA.NS,Britannia Industries,"NIFTY50 at 24,164, SENSEX down 162 pts in afternoon session; SBI, Britannia, Thermax among buzzing stocks",negative,0.96,-0.96,FinBERT
BRITANNIA.NS,Britannia Industries,Britannia to attend J.P. Morgan consumer chat on May 29,neutral,0.9358,0.0,FinBERT
BRITANNIA.NS,Britannia Industries,Britannia Industries (NSE:BRITANNIA) shareholders have earned a 12% CAGR over the last five years,positive,0.7012,0.7012,FinBERT
BRITANNIA.NS,Britannia Industries,Britannia Industries Ltd stock (INE393A01011): Share price dips 0.08% amid mixed results,negative,0.9698,-0.9698,FinBERT
BRITANNIA.NS,Britannia Industries,"Stocks to Watch Today: RBL Bank, TCS, Zydus Life, Britannia, Gujarat Pipavav, Garden Reach, Apollo Micro...",neutral,0.9341,0.0,FinBERT
BRITANNIA.NS,Britannia Industries,"Q4 results today: Britannia, BSE, Biocon, Dabur India, 88 more on May 7",neutral,0.8831,0.0,FinBERT
BRITANNIA.NS,Britannia Industries,"Stock market fall: RVNL, ITC, Swiggy, Britannia among 70 stocks that hit 52-week low on NSE",negative,0.9385,-0.9385,FinBERT
HINDALCO.NS,Hindalco Aluminium,Hindalco Industries Share Price,neutral,0.9451,0.0,FinBERT
HINDALCO.NS,Hindalco Aluminium,"NALCO, Hindalco rally up to 4% as aluminium prices rebound",positive,0.9433,0.9433,FinBERT
HINDALCO.NS,Hindalco Aluminium,Hindalco vs Vedanta vs NALCO: Which Aluminium Stock Looks Better After the Recent Price Correction?,positive,0.89,0.89,FinBERT
HINDALCO.NS,Hindalco Aluminium,"Hindalco, Nalco rise up to 5% on rising global aluminium prices",positive,0.9454,0.9454,FinBERT
HINDALCO.NS,Hindalco Aluminium,"Vedanta Aluminium vs Hindalco: Key differences in business, clients and growth strategy",neutral,0.8652,0.0,FinBERT
HINDALCO.NS,Hindalco Aluminium,"Vedanta, NALCO, Hindalco down up to 20% in June; metals rally under threat?",negative,0.9685,-0.9685,FinBERT
HINDALCO.NS,Hindalco Aluminium,Hindalco stock ends up over 3% after intraday surge; Nifty Metal index gains 2% as aluminium prices rise...,positive,0.9465,0.9465,FinBERT
HINDALCO.NS,Hindalco Aluminium,"Vedanta Aluminium, Hindalco, NALCO shares fall up to 5% amid US-Iran peace deal: Here's why",negative,0.8488,-0.8488,FinBERT
HINDALCO.NS,Hindalco Aluminium,"Hindalco, NALCO, Vedanta: Aluminium stocks rally over 5% as West Asia conflict damages key production facilities in UAE, Bahrain",positive,0.8037,0.8037,FinBERT
HINDALCO.NS,Hindalco Aluminium,"Nifty Metal slips 2%; InCred downgrades Hindalco, Nalco to 'Reduce'",negative,0.9559,-0.9559,FinBERT
UPL.NS,UPL Agrochemicals,UPL dips 4% on Q4 results; Motilal Oswal sees 10% downside on tax headwinds,negative,0.9679,-0.9679,FinBERT
UPL.NS,UPL Agrochemicals,UPL Becomes First Indian Company to Secure Secondary GDR Listing on NSE International Exchange,neutral,0.6555,0.0,FinBERT
UPL.NS,UPL Agrochemicals,UPL Ltd. Witnesses Significant Block Trade on NSE,negative,0.8488,-0.8488,FinBERT
UPL.NS,UPL Agrochemicals,UPL Ltd. Share Price Today - UPL Ltd. Stock Price Live NSE/BSE,neutral,0.9361,0.0,FinBERT
UPL.NS,UPL Agrochemicals,"Top stocks in news: Bajaj Housing, UPL, PB Fintech, Indus Towers, RailTel, Zen Tech, IRB",neutral,0.9139,0.0,FinBERT
UPL.NS,UPL Agrochemicals,UPL Limited Announces Colombian Subsidiary Formation Under Regulation 30 Filing,neutral,0.9468,0.0,FinBERT
UPL.NS,UPL Agrochemicals,"UPL Approves ₹180/Share Final Call on Partly Paid Shares, Record Date August 1",neutral,0.9144,0.0,FinBERT
UPL.NS,UPL Agrochemicals,UPL shares decline 4% post Q4 earnings: Here's what investors should know from analysts' commentary,negative,0.5861,-0.5861,FinBERT
UPL.NS,UPL Agrochemicals,UPL Ltd Stock Price: UPL Share Price Today,neutral,0.9487,0.0,FinBERT
UPL.NS,UPL Agrochemicals,"Top stocks in news: SBI, Coal India, BEL, AB Capital, UPL, Fortis, JSW Cement, CEAT, NMDC",neutral,0.9009,0.0,FinBERT
SBILIFE.NS,SBI Life Insurance,CANHLIFE Share Price Today - Canara HSBC Life Insurance Company on NSE/BSE,neutral,0.9452,0.0,FinBERT
SBILIFE.NS,SBI Life Insurance,"Trade Spotlight: How should you trade Gravita India, Equitas Small Finance Bank, Ion Exchange, Grasim, SBI...",neutral,0.9315,0.0,FinBERT
SBILIFE.NS,SBI Life Insurance,Top 6 Insurance Stocks To Buy In India In July 2026,neutral,0.8957,0.0,FinBERT
SBILIFE.NS,SBI Life Insurance,"SBI Life Insurance shares slip 3% post Q4 results; net profit, VNB dips YoY",negative,0.9752,-0.9752,FinBERT
SBILIFE.NS,SBI Life Insurance,Is Now The Time To Put SBI Life Insurance (NSE:SBILIFE) On Your Watchlist?,neutral,0.9291,0.0,FinBERT
SBILIFE.NS,SBI Life Insurance,"Stocks To Watch, April 23: Jio Financial, Trent, SBI Life, Tata Power, LTTS, Bandhan Bank, Adani Green",neutral,0.9378,0.0,FinBERT
SBILIFE.NS,SBI Life Insurance,SBI Life Insurance grants 8.94 lakh stock options under ESOS-2018,neutral,0.8791,0.0,FinBERT
SBILIFE.NS,SBI Life Insurance,"NSE IPO Revival Raises Value-Unlocking Hopes For SBI, LIC, Bank of Baroda, General Insurance",positive,0.937,0.937,FinBERT
SBILIFE.NS,SBI Life Insurance,"Nifty largecap stocks at 52-week highs, lows today: SBI Life, Bank of Baroda, SBI shine; Wipro, Info Edge...",negative,0.917,-0.917,FinBERT
SBILIFE.NS,SBI Life Insurance,"Public companies account for 55% of SBI Life Insurance Company Limited's (NSE:SBILIFE) ownership, while institutions account for 30%",neutral,0.952,0.0,FinBERT
HDFCLIFE.NS,HDFC Life Insurance,"HDFC Life Share Price Today, HDFC Life Stock Price Live NSE/BSE Updates",neutral,0.9467,0.0,FinBERT
HDFCLIFE.NS,HDFC Life Insurance,HDFC Life Insurance Share Price - Live NSE: HDFCLIFE Stock Price & Chart,neutral,0.9466,0.0,FinBERT
HDFCLIFE.NS,HDFC Life Insurance,CANHLIFE Share Price Today - Canara HSBC Life Insurance Company on NSE/BSE,neutral,0.9452,0.0,FinBERT
HDFCLIFE.NS,HDFC Life Insurance,Is It Smart To Buy HDFC Life Insurance Company Limited (NSE:HDFCLIFE) Before It Goes Ex-Dividend?,neutral,0.9386,0.0,FinBERT
HDFCLIFE.NS,HDFC Life Insurance,NSE to launch derivatives on Nifty India FPI 150 Index from August 12,neutral,0.9332,0.0,FinBERT
HDFCLIFE.NS,HDFC Life Insurance,Top 6 Insurance Stocks To Buy In India In July 2026,neutral,0.8957,0.0,FinBERT
HDFCLIFE.NS,HDFC Life Insurance,"Stocks to Watch Today: HDFC Life, Adani Power, TVS Holdings, NTPC Green, Laser Power, India Pesticides,...",neutral,0.9425,0.0,FinBERT
HDFCLIFE.NS,HDFC Life Insurance,ICICI Lombard shares crash 15% after Q1 show. What should investors do?,negative,0.7736,-0.7736,FinBERT
HDFCLIFE.NS,HDFC Life Insurance,Not Many Are Piling Into HDFC Life Insurance Company Limited (NSE:HDFCLIFE) Just Yet,neutral,0.9336,0.0,FinBERT
HDFCLIFE.NS,HDFC Life Insurance,HDFC Life to host Q1FY27 earnings call on July 15,neutral,0.9303,0.0,FinBERT
APOLLOHOSP.NS,Apollo Hospitals,Apollo Hospitals Enterprise Share Price Today - Live NSE/BSE,neutral,0.9401,0.0,FinBERT
APOLLOHOSP.NS,Apollo Hospitals,Could The Market Be Wrong About Apollo Hospitals Enterprise Limited (NSE:APOLLOHOSP) Given Its Attractive Financial Prospects?,neutral,0.7736,0.0,FinBERT
APOLLOHOSP.NS,Apollo Hospitals,"CG Power, Apollo Hospitals among 3 stock ideas by Axis Direct",neutral,0.9354,0.0,FinBERT
APOLLOHOSP.NS,Apollo Hospitals,"Stocks to Watch Today: Apollo Hospitals, Jubilant Foodworks, HG Infra, Pace Digitek, GPT Infra, Metro...",neutral,0.913,0.0,FinBERT
APOLLOHOSP.NS,Apollo Hospitals,Big Money Moves: 11 large-cap stocks where institutional investors raised stakes in Q4FY26,neutral,0.9089,0.0,FinBERT
APOLLOHOSP.NS,Apollo Hospitals,"Jubilant Foodworks, Apollo Hospitals, Bosch amid buzzing stocks as SENSEX falls, NIFTY trades flat",neutral,0.6513,0.0,FinBERT
APOLLOHOSP.NS,Apollo Hospitals,Apollo Hospitals Share Price Rises 1.8% After NSE Approves Demerger,positive,0.7909,0.7909,FinBERT
APOLLOHOSP.NS,Apollo Hospitals,Apollo Hospitals to Consider Q4 & FY26 Results at May 20 Board Meeting,neutral,0.9285,0.0,FinBERT
APOLLOHOSP.NS,Apollo Hospitals,Apollo Hospitals shares rise 2% after NSE clears demerger of multiple health businesses,positive,0.7947,0.7947,FinBERT
APOLLOHOSP.NS,Apollo Hospitals,"Top stocks in news: Bosch Home, Apollo Hospitals, RVNL, Lupin, Lemon Tree, RailTail, HFCL",neutral,0.9232,0.0,FinBERT
TATACONSUM.NS,Tata Consumer Products,Tata Consumer Products Limited (NSE:TATACONSUM) Just Released Its Annual Results And Analysts Are Updating Their Estimates,neutral,0.9373,0.0,FinBERT
TATACONSUM.NS,Tata Consumer Products,"Stocks to Watch Today: CMS Info Systems, Advanced Enzyme, Niva Bupa, Oberoi Realty, Bank of India, Swiggy,...",neutral,0.9254,0.0,FinBERT
TATACONSUM.NS,Tata Consumer Products,Tata Consumer Products shares rose 7.8% after healthy Q4 results; here's what experts predict,positive,0.7056,0.7056,FinBERT
TATACONSUM.NS,Tata Consumer Products,Tata Consumer Products Ltd. Share Price Today - Tata Consumer Products Ltd. Stock Price Live NSE/BSE,neutral,0.9384,0.0,FinBERT
TATACONSUM.NS,Tata Consumer Products,Tata Consumer Q3 review: Brokerages upbeat on execution-led growth story,positive,0.9157,0.9157,FinBERT
TATACONSUM.NS,Tata Consumer Products,"Tata Consumer Products Schedules Board Meeting for Q3FY26 Financial Results on January 27, 2026",neutral,0.9277,0.0,FinBERT
TATACONSUM.NS,Tata Consumer Products,Tata Consumer stock holds steady on a broad India staples story,positive,0.8733,0.8733,FinBERT
TATACONSUM.NS,Tata Consumer Products,Tata Consumer Shares Price Rise 2.62% After Q2 Profit Hits ₹407 Cr,positive,0.8558,0.8558,FinBERT
TATACONSUM.NS,Tata Consumer Products,"SBI, Tata Consumer, BEL Ratnamani Metals: Stocks to buy — price target, stop loss & more",neutral,0.8738,0.0,FinBERT
TATACONSUM.NS,Tata Consumer Products,Here's What We Like About Tata Consumer Products' (NSE:TATACONSUM) Upcoming Dividend,neutral,0.9422,0.0,FinBERT
INDUSINDBK.NS,IndusInd Bank,"IndusInd Bank Share Price Today, IndusInd Bank Stock Price Live NSE/BSE Updates",neutral,0.946,0.0,FinBERT
INDUSINDBK.NS,IndusInd Bank,"IndusInd Bank share falls over 2% after report of fresh whistleblower complaint to PMO, RBI",negative,0.9528,-0.9528,FinBERT
INDUSINDBK.NS,IndusInd Bank,IndusInd Bank share price gains 12% in 3 days; stock up 21% from Sept lows,positive,0.9473,0.9473,FinBERT
INDUSINDBK.NS,IndusInd Bank,IndusInd Bank Falls 3% After Reports of Whistleblower Complaint; NSE Seeks Clarification,negative,0.9465,-0.9465,FinBERT
INDUSINDBK.NS,IndusInd Bank,"Investors in IndusInd Bank (NSE:INDUSINDBK) from three years ago are still down 24%, even after 3.9% gain this past week",negative,0.975,-0.975,FinBERT
INDUSINDBK.NS,IndusInd Bank,"SBI, IndusInd, AU Small Fin Bank, others drag down Nifty Bank 1.7% intraday; factors driving today’s losses",negative,0.9572,-0.9572,FinBERT
INDUSINDBK.NS,IndusInd Bank,"IndusInd Bank, GAIL, Power Mech: Stocks to buy — Check target prices, stop loss & more",neutral,0.9243,0.0,FinBERT
INDUSINDBK.NS,IndusInd Bank,"Stock Picks Today: Hyundai, Pine Labs, ONGC, IndusInd Bank, Sun Pharma And More On Brokerages' Radar",neutral,0.9418,0.0,FinBERT
INDUSINDBK.NS,IndusInd Bank,"Stocks in news: RIL, HDFC Bank, YES Bank, IndusInd Bank, RBL Bank, Jain Resource",neutral,0.9383,0.0,FinBERT
INDUSINDBK.NS,IndusInd Bank,"HDFC Bank, IndusInd Bank shares slip after RBI clears HDFC group to hold up to 9.5% in IndusInd",negative,0.9309,-0.9309,FinBERT
M&M.NS,Mahindra Mahindra,Mahindra & Mahindra Share Price - Live NSE: M&M Stock Price & Chart,neutral,0.9409,0.0,FinBERT
M&M.NS,Mahindra Mahindra,"SML Isuzu Share Price Today, SML Isuzu Stock Price Live NSE/BSE Updates",neutral,0.9482,0.0,FinBERT
M&M.NS,Mahindra Mahindra,"Stocks to Watch Today: Tech Mahindra, WeWork India, Borosil Renewables, Servotech Renewable, Maruti...",neutral,0.9028,0.0,FinBERT
M&M.NS,Mahindra Mahindra,Here's Why We Think Mahindra & Mahindra (NSE:M&M) Might Deserve Your Attention Today,neutral,0.766,0.0,FinBERT
M&M.NS,Mahindra Mahindra,MHRIL Forecast — Price Target — Prediction for 2027,neutral,0.7985,0.0,FinBERT
M&M.NS,Mahindra Mahindra,"Tech Mahindra Records ₹54.05 Crore Block Trade on NSE at ₹1,710 Per Share",neutral,0.7488,0.0,FinBERT
M&M.NS,Mahindra Mahindra,Tech Mahindra misses Q4 profit estimate; stock down over 3% in two sessions,negative,0.9723,-0.9723,FinBERT
M&M.NS,Mahindra Mahindra,"Stock Market Holidays in July 2026: When Will NSE, BSE Remain Closed This Month? Check Full Holiday and Trading Calendar",neutral,0.9274,0.0,FinBERT
M&M.NS,Mahindra Mahindra,SML Mahindra Ltd. Share Price Today | SML Mahindra Live NSE/BSE,neutral,0.9195,0.0,FinBERT
M&M.NS,Mahindra Mahindra,Mahindra & Mahindra Ltd. Share Price Today - Mahindra & Mahindra Ltd. Stock Price Live NSE/BSE,neutral,0.9405,0.0,FinBERT
LTF.NS,L&T Finance,IFFHS Best Player of the World Cup 2026 — L. Messi,neutral,0.8026,0.0,FinBERT
LTF.NS,L&T Finance,"Union Minister L Murugan to move motion appointing Bhim Singh, Sagarika Ghose to Joint Committee during Parliament Monsoon Session",neutral,0.8854,0.0,FinBERT
LTF.NS,L&T Finance,2026 World Cup: All the European sides' fixtures and results,neutral,0.9355,0.0,FinBERT
LTF.NS,L&T Finance,L Murugan moves motion for Bhim Singh and Sagarika Ghose in Joint Committee,neutral,0.9088,0.0,FinBERT
LTF.NS,L&T Finance,"Bengaluru: Lured by deepfake video of FM Nirmala Sitharaman, retiree loses Rs 6.8L in scam",negative,0.4171,-0.4171,FinBERT
LTF.NS,L&T Finance,‘Youth must keep nat’l interest paramount to make India world’s knowledge centre’,neutral,0.7811,0.0,FinBERT
LTF.NS,L&T Finance,Centre facilitates treatment worth ₹1.91L crore through 37K hospitals under AB-PMJAY,neutral,0.7631,0.0,FinBERT
LTF.NS,L&T Finance,Jamshedpur-based filmmaker wins Nat’l Film Award for best debut director,positive,0.7556,0.7556,FinBERT
LTF.NS,L&T Finance,2025 Kia Seltos 1.5L Diesel AT Review: Here's what it's like to drive,neutral,0.9339,0.0,FinBERT
LTF.NS,L&T Finance,Kia Sorento Hybrid & Diesel SUV Coming Soon – Details Out,neutral,0.9311,0.0,FinBERT
