Ticker,Company,Sector,Industry,Market_Cap_Cr,PE_Ratio,Forward_PE,PB_Ratio,PS_Ratio,EV_EBITDA,ROE_Pct,ROA_Pct,Profit_Margin_Pct,Operating_Margin_Pct,Revenue_Growth_Pct,Earnings_Growth_Pct,Debt_To_Equity,Current_Ratio,Quick_Ratio,EPS,Book_Value,Dividend_Yield_Pct,Current_Price,52W_High,52W_Low,Fund_Score,Fund_Grade
RELIANCE.NS,Reliance Industries Limited,Energy,Oil & Gas Refining & Marketing,1729449.95,23.03948,17.869526,1.9130448,1.5310218,11.355,,,6.61,12.33,29.7,-22.4,36.653,,,55.47,668.045,47.0,1278.0,1611.8,1249.8,32,D
TCS.NS,Tata Consultancy Services Limited,IT,Information Technology Services,815625.46,16.287117,13.897923,7.4395905,2.956675,10.865,47.74,24.48,18.05,23.96,13.9,4.6,10.211,2.276,2.045,138.41,303.014,290.0,2254.3,3350.0,1976.8,60,B
HDFCBANK.NS,HDFC Bank Limited,Banking,Banks - Regional,1144284.98,16.665918,11.865815,1.8861744,3.8794,,13.84,1.75,26.79,33.29,16.6,18.1,,,,44.57,393.813,174.0,742.8,1020.5,726.65,52,C
INFY.NS,Infosys Limited,IT,Information Technology Services,421577.36,13.422308,13.011334,4.464505,207.6838,942.535,32.0,15.28,16.37,21.09,2.9,5.3,9.541,1.862,1.547,77.55,233.15013,477.0,1040.9,1728.0,982.4,52,C
ICICIBANK.NS,ICICI Bank Limited,Banking,Banks - Regional,1027858.86,18.532074,15.243617,2.701663,5.04516,,16.07,2.11,27.53,38.51,11.4,13.8,,,,77.32,530.377,84.0,1432.9,1500.0,1187.6,57,B
HINDUNILVR.NS,Hindustan Unilever Limited,FMCG,Household & Personal Products,503987.36,47.47676,39.805023,10.340539,7.817636,34.268,21.6,10.71,23.33,21.14,4.3,21.4,3.016,1.223,0.7,45.18,207.436,204.0,2145.0,2750.0,2022.5,35,D
ITC.NS,ITC Limited,FMCG,Tobacco,355147.79,17.034256,16.062174,4.8981323,4.5030427,12.266,29.34,17.59,26.23,36.41,-5.0,-72.7,3.293,3.039,1.8,16.64,57.869,569.0,283.45,427.0,275.0,55,B
SBIN.NS,State Bank of India,Banking,Banks - Regional,936907.69,11.111112,9.940322,1.5716479,2.4872878,,15.48,1.11,22.11,28.96,7.1,-3.1,,,,91.35,645.819,171.0,1015.0,1234.7,786.55,52,C
BHARTIARTL.NS,Bharti Airtel Limited,Telecom,Telecom Services,1184221.99,42.742626,23.232834,7.7547183,5.61315,12.516,19.36,7.88,12.65,32.77,15.7,-34.0,99.718,0.517,0.282,44.41,244.78,124.0,1898.2,2174.5,1740.5,35,D
KOTAKBANK.NS,Kotak Mahindra Bank Limited,Banking,Banks - Regional,382690.26,18.7958,15.058709,2.1116788,5.367604,,,,28.47,34.76,21.0,22.5,,,,20.47,182.201,17.0,384.75,453.2,345.5,47,C
LT.NS,Larsen & Toubro Limited,Infrastructure,Engineering & Construction,520796.03,32.466553,20.6248,4.764938,1.7858843,17.363,16.95,4.59,5.51,10.71,11.7,-34.5,97.64,1.251,0.845,116.6,794.47,100.0,3785.6,4440.0,3288.1,30,D
AXISBANK.NS,Axis Bank Limited,Banking,Banks - Regional,381823.27,13.822503,9.701977,1.7104107,4.95351,,13.35,1.54,36.03,49.18,14.0,21.8,,,,88.79,717.547,8.0,1227.3,1418.3,1042.5,57,B
ASIANPAINT.NS,Asian Paints Limited,Paints,Specialty Chemicals,252880.77,58.49002,44.850647,11.839394,7.106678,39.527,20.89,10.56,12.15,16.14,10.6,69.2,17.847,2.209,1.485,45.1,222.807,103.0,2637.9,2985.7,2115.0,50,C
MARUTI.NS,Maruti Suzuki India Limited,Auto,Auto Manufacturers,422619.93,28.735731,21.64651,3.9439397,2.3054175,18.893,14.43,6.55,8.01,8.41,28.2,-6.4,0.096,1.068,0.622,467.78,3408.267,104.0,13442.0,17370.0,12201.0,45,C
SUNPHARMA.NS,Sun Pharmaceutical Industries Limited,Pharma,Drug Manufacturers - Specialty & Generic,465734.89,40.549404,30.19705,5.5729895,7.9664497,26.797,14.72,8.47,19.64,19.23,12.8,25.1,5.517,2.824,2.183,47.87,348.305,82.0,1941.1,1966.5,1548.0,40,C
TITAN.NS,Titan Company Limited,Consumer,Luxury Goods,414871.06,81.608795,54.828583,26.442402,4.736836,56.046,37.13,9.32,5.79,6.36,80.5,35.1,195.001,1.276,0.129,57.31,176.875,32.0,4677.0,4733.0,3303.1,35,D
ULTRACEMCO.NS,UltraTech Cement Limited,Cement,Building Materials,348473.34,40.76955,27.413237,4.837296,3.792524,20.921,,,9.29,15.48,15.9,16.8,29.432,,,290.56,2448.889,202.0,11846.0,13110.0,10325.0,10,F
BAJFINANCE.NS,Bajaj Finance Limited,NBFC,Credit Services,629746.54,33.23925,20.430006,5.5241323,14.332014,,17.91,3.77,43.28,60.31,28.2,21.4,314.833,2.692,2.593,30.47,183.341,52.0,1012.8,1102.5,787.9,60,B
WIPRO.NS,Wipro Limited,IT,Information Technology Services,175211.23,13.891765,12.731875,2.0958467,1.8449502,8.99,16.13,7.26,13.92,15.7,10.6,0.9,27.398,1.672,1.575,12.75,84.51,458.0,177.12,273.1,169.0,64,B
ONGC.NS,Oil and Natural Gas Corporation Limited,Energy,Oil & Gas Integrated,312947.01,7.663586,5.7716517,0.8418274,0.47255307,4.383,12.7,5.3,6.25,9.21,1.9,47.8,42.548,0.84,0.341,32.46,295.5,733.0,248.76,307.5,227.65,35,D
NTPC.NS,NTPC Limited,Power,Utilities - Regulated Electric,336668.29,11.409793,12.259403,2.7638032,1.7966697,8.111,13.69,4.12,14.44,18.43,8.0,-1.6,118.127,0.825,0.392,30.43,125.624,326.0,347.2,414.4,315.55,42,C
POWERGRID.NS,Power Grid Corporation of India Limited,Power,Utilities - Regulated Electric,268043.42,14.410001,14.446073,2.666272,5.7356505,10.809,16.49,5.56,34.08,49.47,-5.0,9.6,150.993,0.625,0.388,20.0,108.091,423.0,288.2,324.95,250.0,52,C
TECHM.NS,Tech Mahindra Limited,IT,Information Technology Services,138148.17,26.943676,17.952927,4.663465,2.3345265,14.29,,,8.68,14.41,17.7,28.3,7.269,,,57.88,334.408,328.0,1559.5,1854.0,1304.1,15,F
HCLTECH.NS,HCL Technologies Limited,IT,Information Technology Services,343902.94,19.78826,15.8673935,4.592972,232.85458,1230.166,24.07,13.31,12.97,16.88,3.0,8.4,7.058,2.222,2.033,64.23,276.72714,482.0,1271.0,1780.1,1030.0,50,C
JSWSTEEL.NS,JSW Steel Limited,Steel,Steel,302857.82,12.241516,17.030378,3.0269766,1.5966187,10.384,,,13.06,15.3,9.8,113.0,95.374,,,101.36,409.914,57.0,1240.8,1328.0,1017.4,25,D
TATASTEEL.NS,Tata Steel Limited,Steel,Steel,227823.24,21.265425,9.71649,2.2319834,0.9814048,9.532,11.16,4.73,4.65,9.7,12.5,125.2,89.017,0.748,0.155,8.59,81.842,217.0,182.67,224.4,152.51,37,D
TATAMOTORS.NS,N/A,Auto,N/A,0.0,,,,,,,,,,,,,,,,,0.0,,,,0,F
NESTLEIND.NS,Nestlé India Limited,FMCG,Packaged Foods,278352.18,72.97775,58.27793,53.97674,11.4102,49.513,,,15.62,21.17,25.2,48.1,8.621,,,19.78,26.743,83.0,1443.5,1510.0,1084.7,25,D
DRREDDY.NS,Dr. Reddy's Laboratories Limited,Pharma,Drug Manufacturers - Specialty & Generic,95936.61,29.32773,19.063778,2.502031,2.896759,17.435,8.84,4.01,10.0,4.25,-5.6,-68.7,18.605,1.902,1.161,39.27,460.306,69.0,1151.7,1414.9,1101.0,29,D
DIVISLAB.NS,Divi's Laboratories Limited,Pharma,Drug Manufacturers - Specialty & Generic,192424.9,75.75774,51.48723,11.480516,18.222055,55.032,16.19,10.07,24.32,28.75,9.5,13.6,0.042,5.431,3.272,95.68,631.374,41.0,7248.5,7438.5,5636.5,55,B
CIPLA.NS,Cipla Limited,Pharma,Drug Manufacturers - Specialty & Generic,113954.65,33.867947,22.30571,3.3093023,4.059975,20.188,,,12.01,12.55,3.5,-39.2,1.778,,,41.65,426.253,93.0,1410.6,1673.0,1165.7,15,F
COALINDIA.NS,Coal India Limited,Mining,Thermal Coal,263395.0,8.46672,7.4418674,2.2112997,1.5641006,5.397,28.12,7.12,18.46,20.92,16.2,12.9,11.629,1.856,1.127,50.48,193.28,492.0,427.4,491.25,368.65,69,B
BPCL.NS,Bharat Petroleum Corporation Limited,Energy,Oil & Gas Refining & Marketing,132514.22,7.736343,7.8477917,1.3233179,0.2682726,5.676,,,3.47,-4.05,34.4,,54.332,,,40.09,234.373,645.0,310.15,391.65,266.6,37,D
GRASIM.NS,Grasim Industries Limited,Cement,Building Materials,209539.39,42.55372,21.039593,2.0251243,1.1944281,13.606,6.29,3.34,2.83,17.3,10.5,60.8,135.044,0.947,0.292,72.6,1525.536,32.0,3089.4,3246.0,2502.5,17,F
ADANIENT.NS,Adani Enterprises Limited,Conglomerate,Thermal Coal,430648.67,40.985916,47.003513,4.834265,4.2864003,37.014,13.66,2.18,9.3,5.53,20.3,,119.56,1.035,0.421,73.84,626.031,4.0,3026.4,3245.0,1753.0,25,D
ADANIPORTS.NS,Adani Ports and Special Economic Zone Limited,Ports,Marine Shipping,407409.08,30.404058,22.919325,4.2456694,10.517645,20.787,15.59,6.76,33.06,41.18,26.5,3.6,64.051,1.394,0.987,58.16,416.495,42.0,1768.3,1891.1,1290.5,50,C
BAJAJFINSV.NS,Bajaj Finserv Ltd.,NBFC,Financial Conglomerates,300034.27,30.75045,20.27394,3.85081,2.000158,12.784,14.6,4.92,6.53,36.19,6.1,5.9,256.404,0.221,0.11,61.03,487.352,7.0,1876.7,2195.0,1597.0,15,F
BAJAJ-AUTO.NS,Bajaj Auto Limited,Auto,Auto Manufacturers,305605.01,26.44522,23.642485,8.010952,4.223294,19.445,,,16.25,21.51,64.0,45.8,56.352,,,420.87,1389.348,133.0,11130.0,11331.0,7858.5,30,D
HEROMOTOCO.NS,Hero MotoCorp Limited,Auto,Auto Manufacturers,100268.58,17.482817,15.835198,4.6395855,2.1148694,12.951,28.03,12.54,12.11,13.22,30.2,25.7,3.57,1.909,1.556,286.63,1080.075,358.0,5011.1,6388.5,4195.0,62,B
EICHERMOT.NS,Eicher Motors Limited,Auto,Auto Manufacturers,209386.72,37.995617,28.746052,8.336338,8.94526,35.202,23.77,10.42,23.56,21.09,19.1,11.5,2.048,1.902,1.287,200.76,915.03,106.0,7628.0,8230.0,5353.0,57,B
BRITANNIA.NS,Britannia Industries Limited,FMCG,Packaged Foods,129575.09,51.1992,41.517445,25.374283,6.7873373,36.516,53.31,21.59,13.27,16.49,6.5,21.1,26.875,1.119,0.708,105.07,212.006,168.0,5379.5,6336.0,5035.0,30,D
HINDALCO.NS,Hindalco Industries Limited,Metals,Aluminum,209286.24,15.872053,8.903033,1.5323005,0.7611959,8.025,10.29,5.54,4.87,11.06,20.4,-50.9,72.598,1.21,0.45,59.4,615.284,52.0,942.8,1176.0,657.5,42,C
UPL.NS,UPL Limited,Agrochemicals,Agricultural Inputs,50924.15,26.967323,12.568688,1.4657866,0.982352,9.501,5.61,4.33,3.71,14.95,17.7,24.4,57.128,1.217,0.803,22.34,411.008,99.0,602.45,812.2,563.15,22,F
SBILIFE.NS,SBI Life Insurance Company Limited,Insurance,Insurance - Life,186466.09,75.3996,53.45108,9.770073,1.6605597,66.123,13.7,0.35,2.2,21.17,-82.2,-1.1,,1.55,0.392,24.65,190.234,15.0,1858.6,2132.0,1700.4,17,F
HDFCLIFE.NS,HDFC Life Insurance Company Limited,Insurance,Insurance - Life,120553.26,60.266014,46.184235,6.127867,1.1565845,50.115,10.8,0.38,1.9,1.99,15.2,11.9,15.842,0.991,0.085,9.21,90.578,38.0,555.05,815.0,543.0,20,F
APOLLOHOSP.NS,Apollo Hospitals Enterprise Limited,Healthcare,Medical Care Facilities,126609.58,65.37119,41.08418,13.352389,5.0185137,35.401,21.5,8.44,7.7,11.91,18.1,35.6,85.146,1.065,0.896,134.7,659.47,23.0,8805.5,9009.0,6696.5,30,D
TATACONSUM.NS,Tata Consumer Products Limited,FMCG,Packaged Foods,107674.13,69.65429,45.304,5.296388,5.306646,40.776,6.94,4.03,7.6,11.15,17.9,21.5,12.159,1.568,0.898,15.62,205.423,90.0,1088.0,1282.7,1007.2,17,F
INDUSINDBK.NS,IndusInd Bank Limited,Banking,Banks - Regional,77605.52,58.625664,12.681475,1.1798856,4.487814,,,,7.65,27.31,1.0,71.7,,,,16.99,844.192,15.0,996.05,1077.85,710.6,7,F
M&M.NS,Mahindra & Mahindra Limited,Auto,Auto Manufacturers,379608.97,20.782278,19.84201,3.795084,1.8811293,12.132,18.75,7.15,8.47,17.09,30.2,43.5,125.278,1.267,0.548,152.12,833.025,102.0,3161.4,3839.9,2896.0,40,C
LTF.NS,L&T Finance Limited,NBFC,Credit Services,75771.16,23.886255,15.472874,2.6979284,7.874873,,,,33.08,45.95,29.3,28.2,393.442,,,12.66,112.086,90.0,302.4,338.6,194.4,47,C
